Player,Pos,G,FG%,3P,eFG%,FT%,TRB,AST,STL,BLK,TOV,PTS
,,,,,,,,,,,,
Precious Achiuwa\achiupr01,PF,61,.544,0.0,.544,.509,3.4,0.5,0.3,0.5,0.7,5.0
Jaylen Adams\adamsja01,PG,7,.125,0.0,.125,,0.4,0.3,0.0,0.0,0.0,0.3
Steven Adams\adamsst01,C,58,.614,0.0,.614,.444,8.9,1.9,0.9,0.7,1.3,7.6
Bam Adebayo\adebaba01,C,64,.570,0.0,.571,.799,9.0,5.4,1.2,1.0,2.6,18.7
LaMarcus Aldridge\aldrila01,C,26,.473,1.2,.525,.872,4.5,1.9,0.4,1.1,1.0,13.5
Ty-Shon Alexander\alexaty01,SG,15,.250,0.1,.333,.500,0.7,0.4,0.0,0.1,0.2,0.6
Nickeil Alexander-Walker\alexani01,SG,46,.419,1.7,.502,.727,3.1,2.2,1.0,0.5,1.5,11.0
Grayson Allen\allengr01,SG,50,.418,2.1,.547,.868,3.2,2.2,0.9,0.2,1.0,10.6
Jarrett Allen\allenja01,C,63,.618,0.1,.624,.703,10.0,1.7,0.5,1.4,1.6,12.8
Al-Farouq Aminu\aminual01,PF,23,.384,0.3,.424,.818,4.8,1.3,0.8,0.4,1.2,4.4
Kyle Anderson\anderky01,PF,69,.468,1.4,.540,.783,5.7,3.6,1.2,0.8,1.2,12.4
Giannis Antetokounmpo\antetgi01,PF,61,.569,1.1,.600,.685,11.0,5.9,1.2,1.2,3.4,28.1
Kostas Antetokounmpo\antetko01,PF,15,.300,0.0,.300,.462,1.3,0.1,0.1,0.3,0.7,0.8
Thanasis Antetokounmpo\antetth01,SF,57,.489,0.1,.515,.510,2.2,0.8,0.4,0.2,0.8,2.9
Carmelo Anthony\anthoca01,PF,69,.421,1.9,.506,.890,3.1,1.5,0.7,0.6,0.9,13.4
Cole Anthony\anthoco01,PG,47,.397,1.2,.449,.832,4.7,4.1,0.6,0.4,2.3,12.9
OG Anunoby\anunoog01,SF,43,.480,2.4,.580,.784,5.5,2.2,1.5,0.7,1.7,15.9
Ryan Arcidiacono\arcidry01,PG,44,.419,0.6,.526,.650,1.5,1.3,0.2,0.0,0.2,3.1
Trevor Ariza\arizatr01,SF,30,.411,1.7,.515,.773,4.8,1.8,1.0,0.6,0.7,9.4
D.J. Augustin\augusdj01,PG,57,.394,1.5,.515,.904,1.6,3.3,0.5,0.0,1.1,7.7
Deni Avdija\avdijde01,SF,54,.417,1.0,.502,.644,4.9,1.2,0.6,0.3,0.6,6.3
Deandre Ayton\aytonde01,C,69,.626,0.1,.629,.769,10.5,1.4,0.6,1.2,1.5,14.4
Udoka Azubuike\azubuud01,C,15,.444,0.0,.444,.800,0.9,0.0,0.1,0.3,0.2,1.1
Dwayne Bacon\bacondw01,SG,72,.402,0.8,.443,.824,3.1,1.3,0.6,0.1,0.6,10.9
Marvin Bagley III\baglema01,PF,43,.504,0.9,.542,.575,7.4,1.0,0.5,0.5,1.4,14.1
LaMelo Ball\ballla01,PG,51,.436,1.8,.504,.758,5.9,6.1,1.6,0.4,2.8,15.7
Lonzo Ball\balllo01,PG,55,.414,3.1,.537,.781,4.8,5.7,1.5,0.6,2.2,14.6
Mo Bamba\bambamo01,C,46,.472,0.8,.535,.682,5.8,0.8,0.3,1.3,0.8,8.0
Desmond Bane\banede01,SG,68,.469,1.7,.586,.816,3.1,1.7,0.6,0.2,0.9,9.2
Harrison Barnes\barneha02,PF,58,.497,1.7,.575,.830,6.6,3.5,0.7,0.2,1.6,16.1
RJ Barrett\barrerj01,SG,72,.441,1.7,.499,.746,5.8,3.0,0.7,0.3,1.9,17.6
Will Barton\bartowi01,SF,56,.426,1.8,.507,.785,4.0,3.2,0.9,0.4,1.7,12.7
Keita Bates-Diop\bateske01,SF,30,.448,0.2,.485,.667,1.6,0.4,0.4,0.2,0.2,2.6
Nicolas Batum\batumni01,SF,67,.464,1.6,.597,.828,4.7,2.2,1.0,0.6,0.8,8.1
Aron Baynes\baynear01,C,53,.441,0.5,.485,.707,5.2,0.9,0.3,0.4,0.9,6.1
Kent Bazemore\bazemke01,SF,67,.449,1.1,.545,.692,3.4,1.6,1.0,0.5,1.2,7.2
Darius Bazley\bazleda01,PF,55,.396,1.5,.456,.702,7.2,1.8,0.5,0.5,2.2,13.7
Bradley Beal\bealbr01,SG,60,.485,2.2,.532,.889,4.7,4.4,1.2,0.4,3.1,31.3
Malik Beasley\beaslma01,SG,37,.440,3.5,.547,.850,4.4,2.4,0.8,0.2,1.6,19.6
Jordan Bell\belljo01,C,6,.318,0.0,.318,.500,4.0,1.2,0.5,0.8,0.7,2.5
DeAndre' Bembry\bembrde01,SF,51,.513,0.3,.544,.682,2.9,2.1,1.0,0.4,1.4,5.7
Dāvis Bertāns\bertada01,PF,57,.404,3.0,.581,.870,2.9,0.9,0.6,0.2,0.6,11.5
Patrick Beverley\beverpa01,PG,37,.423,1.5,.550,.800,3.2,2.1,0.8,0.8,0.9,7.5
Saddiq Bey\beysa01,SF,70,.404,2.5,.530,.844,4.5,1.4,0.7,0.2,0.9,12.2
Tyler Bey\beyty01,SF,18,.318,0.1,.341,.600,1.1,0.2,0.0,0.1,0.2,1.0
Khem Birch\birchkh01,C,67,.497,0.2,.514,.705,5.8,1.3,0.7,0.7,0.7,7.2
Goga Bitadze\bitadgo01,C,45,.428,0.4,.479,.738,3.3,0.8,0.2,1.3,0.4,5.1
Bismack Biyombo\biyombi01,C,66,.587,0.0,.587,.448,5.3,1.2,0.3,1.1,1.1,5.0
Nemanja Bjelica\bjeline01,PF,37,.454,0.7,.523,.725,3.4,1.9,0.4,0.1,0.9,6.5
Eric Bledsoe\bledser01,SG,71,.421,1.7,.503,.687,3.4,3.8,0.8,0.3,1.6,12.2
Keljin Blevins\blevike01,SF,17,.250,0.1,.300,,0.6,0.2,0.1,0.0,0.3,0.7
Bogdan Bogdanović\bogdabo01,SG,44,.473,3.3,.602,.909,3.6,3.3,1.1,0.3,1.2,16.4
Bojan Bogdanović\bogdabo02,SF,72,.439,2.5,.536,.879,3.9,1.9,0.6,0.1,1.8,17.0
Bol Bol\bolbo01,PF,32,.431,0.3,.509,.667,0.8,0.2,0.1,0.3,0.4,2.2
Marques Bolden\boldema01,C,6,.333,0.0,.333,.625,1.0,0.0,0.3,0.3,0.3,1.2
Jordan Bone\bonejo01,PG,14,.426,0.7,.519,,1.7,1.3,0.1,0.0,0.2,4.0
Isaac Bonga\bongais01,SF,40,.370,0.3,.451,.625,1.7,0.6,0.3,0.2,0.6,2.0
Devin Booker\bookede01,SG,67,.484,1.9,.533,.867,4.2,4.3,0.8,0.2,3.1,25.6
Chris Boucher\bouchch01,C,60,.514,1.5,.595,.788,6.7,1.1,0.6,1.9,0.8,13.6
Brian Bowen\bowenbr02,SF,6,.250,0.0,.250,1.000,0.5,0.0,0.0,0.0,0.0,0.5
Avery Bradley\bradlav01,SG,27,.374,1.2,.471,.800,2.1,1.7,0.8,0.1,1.0,6.4
Tony Bradley\bradlto01,C,42,.665,0.0,.665,.691,5.7,0.9,0.4,0.7,0.8,7.1
Jarrell Brantley\brantja01,PF,28,.481,0.4,.596,1.000,1.0,0.5,0.3,0.1,0.3,2.3
Ignas Brazdeikis\brazdig01,SF,13,.422,0.8,.488,.714,3.5,1.3,0.3,0.2,0.9,7.0
Mikal Bridges\bridgmi01,SF,72,.543,1.9,.643,.840,4.3,2.1,1.1,0.9,0.8,13.5
Miles Bridges\bridgmi02,PF,66,.503,1.8,.596,.867,6.0,2.2,0.7,0.8,1.6,12.7
Amida Brimah\brimaam01,C,5,.625,0.0,.625,1.000,1.6,0.2,0.0,1.0,0.8,2.6
Oshae Brissett\brissos01,SF,21,.483,1.6,.593,.769,5.5,0.9,0.9,1.0,0.5,10.9
Malcolm Brogdon\brogdma01,PG,56,.453,2.6,.527,.864,5.3,5.9,0.9,0.3,2.1,21.2
Armoni Brooks\brookar01,SG,20,.406,3.0,.563,.583,3.4,1.5,0.6,0.3,1.1,11.2
Dillon Brooks\brookdi01,SF,67,.419,1.9,.481,.815,2.9,2.3,1.2,0.4,1.8,17.2
Bruce Brown\brownbr01,PG,65,.556,0.3,.576,.735,5.4,1.6,0.9,0.4,0.8,8.8
Charlie Brown\brownch02,SG,9,.302,0.6,.360,.900,1.9,1.0,0.4,0.2,0.7,4.4
Jaylen Brown\brownja02,SG,58,.484,2.8,.558,.764,6.0,3.4,1.2,0.6,2.7,24.7
Moses Brown\brownmo01,C,43,.545,0.0,.545,.619,8.9,0.2,0.7,1.1,1.0,8.6
Sterling Brown\brownst02,SG,51,.448,1.8,.584,.806,4.4,1.4,0.7,0.2,0.8,8.2
Troy Brown Jr.\browntr01,SF,34,.431,0.6,.507,.714,3.1,0.9,0.3,0.2,0.6,4.7
Jalen Brunson\brunsja01,PG,68,.523,1.2,.588,.795,3.4,3.5,0.5,0.0,1.2,12.6
Elijah Bryant\bryanel01,SG,1,.462,1.0,.500,1.000,6.0,3.0,0.0,1.0,4.0,16.0
Thomas Bryant\bryanth01,C,10,.648,0.9,.698,.667,6.1,1.5,0.4,0.8,1.1,14.3
Reggie Bullock\bullore01,SF,65,.442,2.5,.587,.909,3.4,1.5,0.8,0.2,0.7,10.9
Trey Burke\burketr01,PG,62,.428,0.9,.510,.895,0.9,1.3,0.6,0.1,0.5,6.6
Alec Burks\burksal01,SG,49,.420,2.1,.522,.856,4.6,2.2,0.6,0.3,1.0,12.7
Jimmy Butler\butleji01,SF,52,.497,0.5,.514,.863,6.9,7.1,2.1,0.3,2.1,21.5
Bruno Caboclo\cabocbr01,PF,6,.471,0.0,.471,.500,2.3,0.2,0.0,0.3,0.7,2.8
Devontae Cacok\cacokde01,PF,20,.586,0.0,.586,.455,1.6,0.1,0.3,0.2,0.3,2.0
Kentavious Caldwell-Pope\caldwke01,SG,67,.431,1.8,.549,.866,2.7,1.9,0.9,0.4,1.0,9.7
Facundo Campazzo\campafa01,PG,65,.381,1.2,.502,.879,2.1,3.6,1.2,0.2,1.1,6.1
Vlatko Čančar\cancavl01,PF,41,.458,0.2,.521,.769,1.2,0.3,0.3,0.0,0.3,2.1
Devin Cannady\cannade01,PG,8,.393,0.8,.500,.857,0.6,0.1,0.6,0.1,0.3,4.3
Clint Capela\capelca01,C,63,.594,0.0,.594,.573,14.3,0.8,0.7,2.0,1.2,15.2
Vernon Carey Jr.\careyve01,C,19,.500,0.1,.514,.818,1.4,0.1,0.1,0.3,0.3,2.4
Jevon Carter\carteje01,PG,60,.422,0.9,.547,.571,1.5,1.2,0.5,0.2,0.3,4.1
Wendell Carter Jr.\cartewe01,C,54,.503,0.3,.520,.732,8.2,1.9,0.6,0.8,1.4,11.2
Michael Carter-Williams\cartemi01,SG,31,.389,0.5,.417,.613,4.5,4.2,0.8,0.5,2.2,8.8
Alex Caruso\carusal01,PG,58,.436,0.9,.526,.645,2.9,2.8,1.1,0.3,1.3,6.4
Willie Cauley-Stein\caulewi01,C,53,.632,0.0,.635,.628,4.5,0.7,0.4,0.8,0.5,5.3
Chris Chiozza\chiozch01,PG,22,.352,0.6,.426,.765,1.1,3.0,0.3,0.3,0.7,4.0
Marquese Chriss\chrisma01,PF,2,.357,0.5,.393,.500,6.5,1.0,0.0,1.0,1.0,6.5
Gary Clark\clarkga01,SF-PF,39,.303,0.8,.420,.800,2.9,0.8,0.3,0.2,0.4,3.1
Brandon Clarke\clarkbr01,PF,59,.517,0.3,.537,.690,5.6,1.6,1.0,0.9,0.6,10.3
Jordan Clarkson\clarkjo01,SG,68,.425,3.1,.522,.896,4.0,2.5,0.9,0.1,1.7,18.4
Nicolas Claxton\claxtni01,C,32,.621,0.0,.624,.484,5.2,0.9,0.7,1.3,0.6,6.6
Amir Coffey\coffeam01,SG,44,.437,0.5,.549,.711,1.0,0.5,0.2,0.0,0.3,3.2
John Collins\collijo01,PF,63,.556,1.3,.610,.833,7.4,1.2,0.5,1.0,1.3,17.6
Mike Conley\conlemi01,PG,51,.444,2.7,.552,.852,3.5,6.0,1.4,0.2,1.9,16.2
Pat Connaughton\connapa01,SG,69,.434,1.5,.565,.775,4.8,1.2,0.7,0.3,0.5,6.8
Quinn Cook\cookqu01,PG,23,.426,0.5,.507,.875,0.7,0.8,0.2,0.0,0.3,3.3
Tyler Cook\cookty01,SF-PF,32,.670,0.0,.675,.486,3.0,0.5,0.3,0.1,0.7,4.9
DeMarcus Cousins\couside01,C,41,.426,1.1,.503,.728,6.4,1.9,0.8,0.6,1.6,8.9
Robert Covington\covinro01,PF,70,.401,1.9,.533,.806,6.7,1.7,1.4,1.2,0.9,8.5
Torrey Craig\craigto01,SF,50,.480,0.8,.566,.773,3.9,1.0,0.6,0.5,0.5,5.5
Jae Crowder\crowdja01,PF,60,.404,2.5,.555,.760,4.7,2.1,0.8,0.5,0.9,10.1
Jarrett Culver\culveja01,SG,34,.411,0.4,.449,.604,3.1,0.7,0.5,0.3,0.8,5.3
Seth Curry\curryse01,SG,57,.467,2.2,.582,.896,2.4,2.7,0.8,0.1,1.1,12.5
Stephen Curry\curryst01,PG,63,.482,5.3,.605,.916,5.5,5.8,1.2,0.1,3.4,32.0
Nate Darling\darlina01,SG,7,.286,0.3,.429,1.000,0.1,0.1,0.0,0.1,0.1,1.3
Anthony Davis\davisan02,PF,36,.491,0.7,.512,.738,7.9,3.1,1.3,1.6,2.1,21.8
Ed Davis\davised01,C,23,.432,0.0,.432,.833,5.0,0.9,0.6,0.6,0.3,2.1
Terence Davis\daviste02,SG,61,.428,1.6,.535,.818,2.5,1.4,0.7,0.2,1.0,8.7
Gabriel Deck\deckga01,PF,10,.478,0.2,.493,.818,4.0,2.4,0.8,0.0,0.6,8.4
Dewayne Dedmon\dedmode01,C,16,.708,0.1,.715,.741,5.4,0.8,0.6,0.4,0.8,7.1
Matthew Dellavedova\dellama01,PG,13,.250,0.3,.286,1.000,1.8,4.5,0.3,0.1,0.5,2.8
DeMar DeRozan\derozde01,PF,61,.495,0.3,.505,.880,4.2,6.9,0.9,0.2,2.0,21.6
Mamadi Diakite\diakima01,PF,14,.400,0.1,.413,.786,2.4,0.6,0.5,0.4,0.2,3.1
Hamidou Diallo\diallha01,SG-SF,52,.477,0.5,.506,.640,5.2,1.9,0.8,0.5,1.5,11.6
Gorgui Dieng\dienggo01,C,38,.521,0.8,.613,.866,3.7,1.3,0.7,0.4,0.8,6.8
Spencer Dinwiddie\dinwisp01,SG,3,.375,0.7,.438,1.000,4.3,3.0,0.7,0.3,1.7,6.7
Donte DiVincenzo\divindo01,SG,66,.420,2.0,.528,.718,5.8,3.1,1.1,0.2,1.4,10.4
Luka Dončić\doncilu01,PG,66,.479,2.9,.550,.730,8.0,8.6,1.0,0.5,4.3,27.7
Luguentz Dort\dortlu01,SG,52,.387,2.2,.475,.744,3.6,1.7,0.9,0.4,1.5,14.0
Damyean Dotson\dotsoda01,SG,46,.406,1.0,.485,.667,2.0,2.0,0.3,0.1,0.9,6.7
Devon Dotson\dotsode01,PG,11,.524,0.1,.548,,0.5,0.6,0.4,0.0,0.0,2.1
Sekou Doumbouya\doumbse01,PF,56,.379,0.5,.426,.703,2.6,0.8,0.4,0.2,0.8,5.1
PJ Dozier\doziepj01,SG,50,.417,0.9,.483,.636,3.6,1.8,0.6,0.4,0.9,7.7
Goran Dragić\dragigo01,PG,50,.432,1.8,.514,.828,3.4,4.4,0.7,0.2,2.4,13.4
Andre Drummond\drumman01,C,46,.493,0.0,.493,.600,12.0,2.0,1.4,1.1,2.7,14.9
Jared Dudley\dudleja01,PF,12,.222,0.2,.333,,1.8,0.4,0.1,0.1,0.2,0.5
Kris Dunn\dunnkr01,PG,4,.083,0.0,.083,.750,1.5,0.5,0.5,0.5,0.8,1.3
Kevin Durant\duranke01,PF,35,.537,2.4,.608,.882,7.1,5.6,0.7,1.3,3.4,26.9
Anthony Edwards\edwaran01,SG,72,.417,2.4,.488,.776,4.7,2.9,1.1,0.5,2.2,19.3
Carsen Edwards\edwarca01,SG,31,.423,0.6,.505,.846,0.8,0.5,0.2,0.0,0.2,4.0
CJ Elleby\ellebcj01,SF,30,.379,0.2,.432,.733,1.1,0.3,0.2,0.1,0.2,2.3
Henry Ellenson\ellenhe01,PF,2,.357,1.0,.429,.750,6.0,2.5,0.0,0.0,0.0,7.5
Wayne Ellington\ellinwa01,SG,46,.441,2.5,.612,.800,1.8,1.5,0.4,0.2,0.7,9.6
Joel Embiid\embiijo01,C,51,.513,1.1,.545,.859,10.6,2.8,1.0,1.4,3.1,28.5
James Ennis\ennisja01,SF,41,.473,1.1,.566,.805,4.0,1.5,0.8,0.2,0.9,8.4
Drew Eubanks\eubandr01,C,54,.566,0.0,.571,.726,4.5,0.8,0.3,0.9,0.8,5.8
Dante Exum\exumda01,SG,6,.385,0.3,.423,.500,2.8,2.2,0.7,0.3,1.2,3.8
Tacko Fall\fallta01,C,19,.724,0.0,.724,.333,2.7,0.2,0.1,1.1,0.3,2.5
Derrick Favors\favorde01,C,68,.638,0.0,.638,.738,5.5,0.6,0.5,1.0,0.5,5.4
Cristiano Felício\feliccr01,C,18,.538,0.0,.538,.563,1.4,0.5,0.2,0.0,0.2,1.3
Terrance Ferguson\fergute01,SG,13,.143,0.0,.143,,0.1,0.2,0.1,0.0,0.3,0.2
Bruno Fernando\fernabr01,C,33,.409,0.0,.409,.682,2.4,0.3,0.1,0.1,0.6,1.5
Yogi Ferrell\ferreyo01,PG,10,.351,0.9,.430,.778,1.9,2.2,0.7,0.3,0.3,5.6
Dorian Finney-Smith\finnedo01,PF,60,.472,2.0,.600,.756,5.4,1.7,0.9,0.4,0.8,9.8
Malik Fitts\fittsma01,PF,3,.333,0.3,.500,,1.0,0.0,0.0,0.0,0.0,1.0
Malachi Flynn\flynnma01,PG,47,.374,1.1,.453,.804,2.5,2.9,0.8,0.1,0.9,7.5
Bryn Forbes\forbebr01,SG,70,.473,2.2,.618,.770,1.6,0.6,0.3,0.0,0.6,10.0
Trent Forrest\forretr01,PG,30,.451,0.2,.486,1.000,1.5,1.5,0.3,0.1,0.7,2.9
Evan Fournier\fournev01,SF-SG,42,.457,2.8,.565,.788,3.0,3.4,1.1,0.5,1.7,17.1
De'Aaron Fox\foxde01,PG,58,.477,1.8,.523,.719,3.5,7.2,1.5,0.5,3.0,25.2
Robert Franks\frankro01,PF,7,.464,0.7,.554,.923,2.0,0.7,0.4,0.4,0.3,6.1
Tim Frazier\fraziti01,PG,5,.150,0.0,.150,.333,1.6,3.2,0.4,0.2,0.8,1.6
Markelle Fultz\fultzma01,PG,8,.394,0.5,.413,.895,3.1,5.4,1.0,0.3,2.3,12.9
Wenyen Gabriel\gabriwe01,PF,21,.400,0.6,.508,.647,2.6,0.5,0.4,0.4,0.7,3.4
Daniel Gafford\gaffoda01,PF-C,54,.684,0.0,.684,.667,4.3,0.5,0.5,1.4,0.8,7.0
Danilo Gallinari\gallida01,PF,51,.434,2.0,.542,.925,4.1,1.5,0.6,0.2,0.8,13.3
Langston Galloway\gallola01,SG,40,.449,0.9,.571,.957,1.1,0.7,0.2,0.0,0.3,4.8
Darius Garland\garlada01,PG,54,.451,1.9,.517,.848,2.4,6.1,1.2,0.1,3.0,17.4
Marc Gasol\gasolma01,C,52,.454,1.0,.582,.720,4.1,2.1,0.5,1.1,1.0,5.0
Rudy Gay\gayru01,PF,63,.420,1.7,.505,.804,4.8,1.4,0.7,0.6,1.0,11.4
Paul George\georgpa01,SF,54,.467,3.2,.557,.868,6.6,5.2,1.1,0.4,3.3,23.3
Taj Gibson\gibsota01,PF,45,.627,0.1,.636,.727,5.6,0.8,0.7,1.1,0.5,5.4
Harry Giles\gilesha01,C,38,.433,0.2,.474,.593,3.5,0.8,0.2,0.3,0.5,2.8
Shai Gilgeous-Alexander\gilgesh01,SG,35,.508,2.0,.571,.808,4.7,5.9,0.8,0.7,3.0,23.7
Anthony Gill\gillan01,PF,26,.500,0.3,.558,.813,2.0,0.4,0.4,0.2,0.3,3.1
Freddie Gillespie\gillefr01,PF,20,.524,0.0,.524,.697,4.9,0.5,0.7,1.0,0.6,5.6
Rudy Gobert\goberru01,C,71,.675,0.0,.675,.623,13.5,1.3,0.6,2.7,1.7,14.3
Brandon Goodwin\goodwbr01,PG,47,.377,0.7,.448,.651,1.5,2.0,0.4,0.0,0.8,4.9
Aaron Gordon\gordoaa01,PF,50,.463,1.2,.522,.651,5.7,3.2,0.7,0.7,1.9,12.4
Eric Gordon\gordoer01,SG,27,.433,2.6,.527,.825,2.1,2.6,0.5,0.5,1.9,17.8
Devonte' Graham\grahade01,PG,55,.377,3.3,.510,.842,2.7,5.4,0.9,0.1,1.5,14.8
Jerami Grant\grantje01,SF,54,.429,2.1,.491,.845,4.6,2.8,0.6,1.1,2.0,22.3
Danny Green\greenda02,SF,69,.412,2.5,.573,.775,3.8,1.7,1.3,0.8,1.0,9.5
Draymond Green\greendr01,PF,63,.447,0.5,.492,.795,7.1,8.9,1.7,0.8,3.0,7.0
JaMychal Green\greenja01,PF,58,.463,1.4,.568,.807,4.8,0.9,0.4,0.4,0.9,8.1
Javonte Green\greenja02,SG-PG,41,.520,0.2,.569,.750,1.7,0.4,0.7,0.1,0.5,3.6
Jeff Green\greenje02,C,68,.492,1.5,.590,.776,3.9,1.6,0.5,0.4,0.8,11.0
Josh Green\greenjo02,SG,39,.452,0.1,.473,.565,2.0,0.7,0.4,0.1,0.4,2.6
Blake Griffin\griffbl01,PF,46,.423,1.5,.509,.744,4.9,3.0,0.7,0.3,1.3,11.0
Kyle Guy\guyky01,PG,31,.330,0.4,.403,.800,1.1,1.0,0.2,0.0,0.4,2.8
Rui Hachimura\hachiru01,PF,57,.478,0.8,.513,.770,5.5,1.4,0.8,0.1,1.2,13.8
Ashton Hagans\haganas01,PG,2,,0.0,,,0.0,0.0,0.0,0.0,0.5,0.0
Tyrese Haliburton\halibty01,PG,58,.472,2.1,.569,.857,3.0,5.3,1.3,0.5,1.6,13.0
Donta Hall\halldo01,PF,13,.714,0.0,.714,.676,4.8,0.8,0.4,0.8,0.6,5.6
Josh Hall\halljo01,SF,21,.303,0.2,.323,.500,2.8,1.3,0.2,0.0,1.2,4.1
R.J. Hampton\hamptrj01,SG-PG,51,.435,0.5,.478,.671,3.5,1.7,0.4,0.2,1.0,6.9
Tim Hardaway Jr.\hardati02,SG,70,.447,3.0,.560,.816,3.3,1.8,0.4,0.2,0.9,16.6
James Harden\hardeja01,PG-SG,44,.466,2.8,.548,.861,7.9,10.8,1.2,0.8,4.0,24.6
Maurice Harkless\harklma01,PF-SF,37,.418,0.6,.488,.767,2.4,1.2,0.8,0.5,0.6,5.2
Jared Harper\harpeja01,PG,8,.000,0.0,.000,.750,0.3,0.1,0.0,0.0,0.4,0.4
Montrezl Harrell\harremo01,C,69,.622,0.0,.622,.707,6.2,1.1,0.7,0.7,1.1,13.5
Gary Harris\harriga01,SG,39,.400,1.2,.470,.821,2.0,2.0,0.7,0.3,0.9,9.9
Jalen Harris\harrija01,SG,13,.500,1.3,.618,.778,1.4,1.3,0.6,0.0,1.1,7.4
Joe Harris\harrijo01,SF,69,.505,3.1,.654,.778,3.6,1.9,0.7,0.2,0.9,14.1
Tobias Harris\harrito02,PF,62,.512,1.3,.556,.892,6.8,3.5,0.9,0.8,1.7,19.5
Shaquille Harrison\harrish01,SG,34,.333,0.1,.353,.818,1.4,0.7,0.5,0.1,0.3,2.1
Josh Hart\hartjo01,SF,47,.439,1.3,.531,.775,8.0,2.3,0.8,0.3,1.0,9.2
Isaiah Hartenstein\harteis01,C,46,.550,0.0,.556,.648,3.9,1.2,0.4,0.8,1.0,5.1
Udonis Haslem\hasleud01,C,1,1.000,0.0,1.000,,1.0,0.0,0.0,0.0,0.0,4.0
Jaxson Hayes\hayesja02,C,60,.625,0.1,.636,.775,4.3,0.6,0.4,0.6,0.7,7.5
Killian Hayes\hayeski01,PG,26,.353,0.8,.403,.824,2.7,5.3,1.0,0.4,3.2,6.8
Gordon Hayward\haywago01,SF,44,.473,1.9,.537,.843,5.9,4.1,1.2,0.3,2.1,19.6
Juan Hernangómez\hernaju01,PF,52,.435,1.1,.527,.619,3.9,0.7,0.4,0.1,0.5,7.2
Willy Hernangómez\hernawi01,C,47,.563,0.0,.565,.667,7.1,1.1,0.5,0.5,0.7,7.8
Tyler Herro\herroty01,SG,54,.439,2.0,.516,.803,5.0,3.4,0.6,0.3,1.9,15.1
Buddy Hield\hieldbu01,SG,71,.406,4.0,.548,.846,4.7,3.6,0.9,0.4,1.8,16.6
George Hill\hillge01,PG,30,.482,1.0,.561,.800,2.0,2.4,0.8,0.2,1.0,8.7
Solomon Hill\hillso01,PF,71,.359,1.0,.473,.761,3.0,1.1,0.7,0.2,0.6,4.5
Nate Hinton\hintona01,SG,21,.357,0.2,.405,.700,0.4,0.4,0.3,0.1,0.2,2.0
Jaylen Hoard\hoardja01,SF,19,.500,0.0,.500,.683,3.4,1.3,0.7,0.3,0.9,6.1
Aaron Holiday\holidaa01,PG,66,.390,1.0,.467,.819,1.3,1.9,0.7,0.2,1.0,7.2
Jrue Holiday\holidjr01,PG,59,.503,1.9,.570,.787,4.5,6.1,1.6,0.6,2.2,17.7
Justin Holiday\holidju01,SG,72,.413,2.4,.551,.788,3.6,1.7,1.0,0.6,0.8,10.5
Rondae Hollis-Jefferson\holliro01,PF,11,.500,0.0,.500,.563,2.4,1.2,0.2,0.4,0.2,2.5
Richaun Holmes\holmeri01,C,61,.637,0.0,.638,.794,8.3,1.7,0.6,1.6,1.2,14.2
Rodney Hood\hoodro01,SF,55,.362,0.6,.427,.857,1.9,1.0,0.4,0.1,0.7,4.5
Al Horford\horfoal01,C,28,.450,2.0,.528,.818,6.7,3.4,0.9,0.9,1.0,14.2
Talen Horton-Tucker\hortota01,SG,65,.458,0.6,.496,.775,2.6,2.8,1.0,0.3,1.6,9.0
Danuel House\houseda01,SF,36,.404,1.5,.504,.651,3.7,1.9,0.6,0.4,1.0,8.8
Dwight Howard\howardw01,C,69,.587,0.1,.596,.576,8.4,0.9,0.4,0.9,1.6,7.0
Markus Howard\howarma02,SG,37,.377,0.5,.462,.778,0.6,0.5,0.1,0.0,0.5,2.8
Kevin Huerter\huertke01,SG,69,.432,2.0,.528,.781,3.3,3.5,1.2,0.3,1.1,11.9
Elijah Hughes\hugheel01,SF,18,.333,0.4,.467,.750,0.5,0.3,0.1,0.1,0.3,1.7
De'Andre Hunter\huntede01,SF,23,.484,1.3,.546,.859,4.8,1.9,0.8,0.5,1.3,15.0
Chandler Hutchison\hutchch01,SF,25,.379,0.3,.417,.840,3.1,0.7,0.5,0.2,0.8,4.3
Serge Ibaka\ibakase01,C,41,.510,1.0,.563,.811,6.7,1.8,0.2,1.1,1.1,11.1
Andre Iguodala\iguodan01,SF,63,.383,1.0,.504,.658,3.5,2.3,0.9,0.6,1.1,4.4
Ersan İlyasova\ilyaser01,PF,17,.389,1.1,.556,1.000,1.7,0.2,0.6,0.2,0.5,3.8
Joe Ingles\inglejo01,SF,67,.489,2.7,.652,.844,3.6,4.7,0.7,0.2,1.7,12.1
Brandon Ingram\ingrabr01,SF,61,.466,2.3,.531,.878,4.9,4.9,0.7,0.6,2.5,23.8
Kyrie Irving\irvinky01,PG,54,.506,2.8,.576,.922,4.8,6.0,1.4,0.7,2.4,26.9
Wesley Iwundu\iwundwe01,SF,41,.333,0.1,.358,.839,2.2,0.4,0.4,0.1,0.5,2.4
Frank Jackson\jacksfr01,PG,40,.457,1.5,.561,.813,2.2,0.9,0.4,0.0,0.9,9.8
Jaren Jackson Jr.\jacksja02,C,11,.424,1.5,.492,.833,5.6,1.1,1.1,1.6,1.4,14.4
Josh Jackson\jacksjo02,SG,62,.419,1.2,.473,.729,4.1,2.3,0.9,0.8,2.3,13.4
Justin Jackson\jacksju01,SF,34,.403,1.1,.484,.838,2.3,1.5,0.4,0.1,0.9,7.2
Reggie Jackson\jacksre01,SG,67,.450,1.8,.554,.817,2.9,3.1,0.6,0.1,1.1,10.7
Justin James\jamesju01,SF,36,.468,0.4,.532,.583,0.8,0.6,0.2,0.1,0.4,3.9
LeBron James\jamesle01,PG,45,.513,2.3,.576,.698,7.7,7.8,1.1,0.6,3.7,25.0
Mike James\jamesmi02,PG,13,.370,0.8,.429,.778,2.5,4.2,0.5,0.1,1.5,7.7
DaQuan Jeffries\jeffrda01,SG,31,.417,0.6,.500,.875,2.3,0.7,0.5,0.3,0.5,4.1
Ty Jerome\jeromty01,SG,33,.446,2.2,.570,.765,2.8,3.6,0.6,0.2,1.4,10.7
Isaiah Joe\joeis01,SG,41,.361,1.0,.508,.750,0.9,0.5,0.3,0.1,0.3,3.7
Alize Johnson\johnsal02,PF,18,.588,0.1,.596,1.000,5.0,0.8,0.3,0.3,0.5,5.2
Cameron Johnson\johnsca02,PF,60,.420,2.0,.541,.847,3.3,1.4,0.6,0.3,0.7,9.6
James Johnson\johnsja01,PF,51,.446,0.6,.494,.592,3.5,1.9,0.8,0.8,1.1,7.2
Keldon Johnson\johnske04,SF,69,.479,0.9,.522,.740,6.0,1.8,0.6,0.3,1.1,12.8
Stanley Johnson\johnsst04,PF,61,.382,0.7,.479,.800,2.5,1.5,0.9,0.3,0.9,4.4
Tyler Johnson\johnsty01,SG,39,.393,1.2,.525,.857,2.0,1.2,0.4,0.0,0.4,5.4
Nikola Jokić\jokicni01,C,72,.566,1.3,.602,.868,10.8,8.3,1.3,0.7,3.1,26.4
Damian Jones\jonesda03,C,39,.680,0.0,.684,.724,3.1,0.7,0.3,0.7,0.7,4.7
Derrick Jones Jr.\jonesde02,SF,58,.484,0.7,.554,.648,3.5,0.8,0.6,0.9,0.6,6.8
Mason Jones\jonesma05,SG,32,.423,0.8,.520,.625,1.7,1.3,0.2,0.0,0.9,5.3
Tre Jones\jonestr01,PG,37,.474,0.1,.494,.895,0.6,1.1,0.2,0.0,0.4,2.5
Tyus Jones\jonesty01,PG,70,.431,0.6,.485,.911,2.0,3.7,0.9,0.1,0.7,6.3
DeAndre Jordan\jordade01,C,57,.763,0.0,.763,.500,7.5,1.6,0.3,1.1,1.5,7.5
Cory Joseph\josepco01,PG,63,.469,0.7,.522,.818,2.5,3.4,1.0,0.3,1.3,8.2
Mfiondu Kabengele\kabenmf01,PF,39,.371,0.3,.444,.800,1.5,0.4,0.2,0.3,0.4,2.4
Frank Kaminsky\kaminfr01,C,47,.471,0.7,.531,.617,4.0,1.7,0.3,0.4,0.5,6.6
Enes Kanter\kanteen01,C,72,.604,0.0,.605,.774,11.0,1.2,0.5,0.7,1.1,11.2
Luke Kennard\kennalu01,SG,63,.476,1.6,.597,.839,2.6,1.7,0.4,0.1,0.8,8.3
Louis King\kinglo02,SF,6,.500,0.7,.559,1.000,3.0,1.5,1.2,0.5,0.7,7.3
Maxi Kleber\klebima01,PF,50,.422,1.7,.580,.919,5.2,1.4,0.5,0.7,0.6,7.1
Nathan Knight\knighna01,PF,33,.370,0.2,.400,.800,2.2,0.2,0.3,0.3,0.5,3.8
Kevin Knox\knoxke01,SF,42,.392,0.8,.514,.800,1.5,0.5,0.3,0.1,0.4,3.9
John Konchar\konchjo01,SG,43,.500,0.5,.576,.833,3.0,1.1,0.7,0.2,0.4,4.3
Furkan Korkmaz\korkmfu01,SG,55,.401,1.8,.520,.732,2.1,1.5,0.9,0.2,0.8,9.1
Luke Kornet\kornelu01,C-PF,31,.436,0.5,.510,.500,2.2,0.8,0.1,1.0,0.2,3.4
Rodions Kurucs\kurucro01,SF-PF,21,.344,0.3,.438,.750,1.1,0.5,0.4,0.2,0.6,1.5
Kyle Kuzma\kuzmaky01,SF,68,.443,2.0,.533,.691,6.1,1.9,0.5,0.6,1.7,12.9
Anthony Lamb\lamban01,SF,24,.390,1.0,.487,.857,2.9,1.0,0.3,0.2,0.8,5.5
Jeremy Lamb\lambje01,SG,36,.435,1.4,.529,.947,3.6,1.5,0.9,0.6,0.6,10.1
Romeo Langford\langfro01,SG,18,.356,0.3,.398,.750,1.9,0.7,0.3,0.3,0.6,3.1
Zach LaVine\lavinza01,SG,58,.507,3.4,.596,.849,5.0,4.9,0.8,0.5,3.5,27.4
Jake Layman\laymaja01,SF,45,.495,0.5,.557,.703,1.5,0.6,0.6,0.4,0.6,5.1
T.J. Leaf\leaftj01,PF,7,.500,0.0,.500,1.000,0.7,0.1,0.3,0.1,0.3,1.7
Jalen Lecque\lecquja01,PG,4,.111,0.0,.111,1.000,1.3,0.5,0.0,0.0,0.0,1.3
Damion Lee\leeda03,SG,57,.467,1.4,.608,.909,3.2,1.3,0.7,0.1,0.5,6.5
Saben Lee\leesa01,PG,48,.471,0.2,.490,.685,2.0,3.6,0.7,0.3,1.1,5.6
Alex Len\lenal01,C,64,.615,0.1,.629,.629,4.1,0.8,0.3,1.0,0.9,6.6
Kawhi Leonard\leonaka01,SF,52,.512,1.9,.568,.885,6.5,5.2,1.6,0.4,2.0,24.8
Meyers Leonard\leoname01,C,3,.429,1.0,.643,.500,2.3,0.7,0.0,0.0,0.7,3.3
Caris LeVert\leverca01,SG,47,.441,1.8,.493,.811,4.6,5.2,1.4,0.6,2.2,20.2
Kira Lewis Jr.\lewiski01,PG,54,.386,0.7,.445,.843,1.3,2.3,0.7,0.2,0.6,6.4
Damian Lillard\lillada01,PG,67,.451,4.1,.554,.928,4.2,7.5,0.9,0.3,3.0,28.8
Nassir Little\littlna01,PF,48,.467,0.6,.551,.800,2.7,0.5,0.1,0.3,0.4,4.6
Kevon Looney\looneke01,C,61,.548,0.1,.558,.646,5.3,2.0,0.3,0.4,0.6,4.1
Brook Lopez\lopezbr01,C,70,.503,1.4,.577,.845,5.0,0.7,0.6,1.5,0.9,12.3
Robin Lopez\lopezro01,C,71,.633,0.1,.639,.723,3.8,0.8,0.2,0.6,1.1,9.0
Didi Louzada\louzama01,SF,3,.231,0.7,.308,,1.0,1.0,0.7,0.0,1.0,2.7
Kevin Love\loveke01,PF,25,.409,2.3,.522,.824,7.4,2.5,0.6,0.1,1.5,12.2
Kyle Lowry\lowryky01,PG,46,.436,2.8,.546,.875,5.4,7.3,1.0,0.3,2.7,17.2
Timothé Luwawu-Cabarrot\luwawti01,SF,58,.365,1.3,.471,.814,2.2,1.2,0.6,0.1,0.7,6.4
Trey Lyles\lylestr01,PF,23,.478,0.6,.556,.652,3.7,0.6,0.3,0.0,0.3,5.0
Will Magnay\magnawi01,C,1,.000,0.0,.000,,0.0,0.0,0.0,0.0,1.0,0.0
Thon Maker\makerth01,C,8,.556,0.0,.556,.909,2.3,0.5,0.3,0.5,0.4,3.8
Théo Maledon\maledth01,PG,65,.368,1.6,.454,.748,3.2,3.5,0.9,0.2,2.2,10.1
Karim Mané\maneka01,PG,10,.231,0.1,.269,.800,1.4,0.4,0.0,0.2,0.3,1.1
Terance Mann\mannte01,SG,67,.509,0.6,.563,.830,3.6,1.6,0.4,0.2,0.6,7.0
Nico Mannion\mannini01,PG,30,.342,0.7,.439,.821,1.5,2.3,0.5,0.0,1.0,4.1
Boban Marjanović\marjabo01,C,33,.508,0.0,.512,.816,3.9,0.3,0.1,0.2,0.4,4.7
Lauri Markkanen\markkla01,PF,51,.480,2.3,.594,.826,5.3,0.9,0.5,0.3,1.0,13.6
Naji Marshall\marshna01,SF,32,.392,0.9,.462,.707,4.6,2.8,0.8,0.3,1.2,7.7
Caleb Martin\martica02,SF,53,.375,0.6,.436,.641,2.7,1.3,0.7,0.2,0.6,5.0
Cody Martin\martico01,SF,52,.441,0.3,.484,.581,3.1,1.7,0.7,0.2,0.8,4.0
Jeremiah Martin\martije02,PG,9,.273,0.3,.318,.200,0.8,0.4,0.6,0.2,0.7,2.4
Kelan Martin\martike03,SF,35,.449,0.7,.536,.900,2.2,0.5,0.3,0.3,0.5,4.5
Kenyon Martin Jr.\martike04,SF,45,.509,0.8,.564,.714,5.4,1.1,0.7,0.9,0.8,9.3
Frank Mason III\masonfr01,PG,4,.375,0.5,.417,.714,3.0,3.0,0.0,0.0,1.3,6.3
Garrison Mathews\mathega01,SG,64,.409,1.2,.570,.884,1.4,0.4,0.5,0.1,0.2,5.5
Dakota Mathias\mathida01,SG,8,.396,1.0,.479,.333,0.9,1.6,0.1,0.4,0.1,6.0
Wesley Matthews\matthwe02,SG,58,.353,1.1,.484,.854,1.6,0.9,0.7,0.3,0.4,4.8
Tyrese Maxey\maxeyty01,SG,61,.462,0.5,.498,.871,1.7,2.0,0.4,0.2,0.7,8.0
Skylar Mays\mayssk01,SG,33,.449,0.4,.520,.880,1.1,0.9,0.4,0.1,0.3,3.8
Patrick McCaw\mccawpa01,SF,5,1.000,0.0,1.000,1.000,0.6,0.8,0.4,0.0,0.0,1.0
CJ McCollum\mccolcj01,SG,47,.458,3.6,.554,.812,3.9,4.7,0.9,0.4,1.4,23.1
T.J. McConnell\mccontj01,PG,69,.559,0.2,.574,.688,3.7,6.6,1.9,0.3,2.0,8.6
Jaden McDaniels\mcdanja02,PF,63,.447,1.1,.545,.600,3.7,1.1,0.6,1.0,0.7,6.8
Jalen McDaniels\mcdanja01,SF,47,.468,0.7,.530,.703,3.6,1.1,0.6,0.4,1.0,7.4
Doug McDermott\mcderdo01,PF,66,.532,1.7,.616,.816,3.3,1.3,0.3,0.1,0.8,13.6
Sean McDermott\mcderse01,SF,18,.394,0.3,.470,1.000,1.1,0.2,0.1,0.2,0.2,2.2
JaVale McGee\mcgeeja01,C,46,.511,0.1,.520,.657,5.2,0.8,0.4,1.2,1.3,7.3
Rodney McGruder\mcgruro01,SG,16,.529,0.7,.607,.750,1.4,1.0,0.5,0.1,0.4,5.7
Alfonzo McKinnie\mckinal01,SF,39,.516,0.4,.602,.556,1.4,0.2,0.2,0.0,0.1,3.1
Jordan McLaughlin\mclaujo01,PG,51,.413,0.6,.481,.767,2.1,3.8,1.0,0.1,1.0,5.0
Ben McLemore\mclembe01,SG,53,.370,1.8,.503,.736,1.9,0.7,0.4,0.2,0.8,7.7
Nicolò Melli\mellini01,PF,45,.326,0.5,.408,.760,2.7,1.0,0.3,0.1,0.3,3.0
De'Anthony Melton\meltode01,PG,52,.438,1.7,.548,.804,3.1,2.5,1.2,0.6,1.3,9.1
Sam Merrill\merrisa01,SG,30,.444,0.7,.590,1.000,1.0,0.7,0.3,0.0,0.3,3.0
Chimezie Metu\metuch01,C,36,.508,0.4,.545,.721,3.1,0.8,0.4,0.5,0.8,6.3
Khris Middleton\middlkh01,SF,68,.476,2.2,.546,.898,6.0,5.4,1.1,0.1,2.6,20.4
Darius Miller\milleda01,SF,18,.458,0.9,.635,1.000,1.3,1.2,0.7,0.3,0.4,4.1
Patty Mills\millspa02,PG,68,.412,2.4,.544,.910,1.7,2.4,0.6,0.0,1.0,10.8
Paul Millsap\millspa01,PF,56,.476,0.9,.537,.724,4.7,1.8,0.9,0.6,0.9,9.0
Shake Milton\miltosh01,SG,63,.450,1.1,.503,.830,2.3,3.1,0.6,0.3,1.6,13.0
Donovan Mitchell\mitchdo01,PG,53,.438,3.4,.520,.845,4.4,5.2,1.0,0.3,2.8,26.4
Adam Mokoka\mokokad01,SG,14,.368,0.1,.395,.000,0.4,0.4,0.1,0.1,0.4,1.1
Malik Monk\monkma01,SG,42,.434,2.0,.540,.819,2.4,2.1,0.5,0.1,1.3,11.7
E'Twaun Moore\mooreet01,SG,27,.455,0.4,.500,.857,1.7,1.5,0.6,0.2,0.9,4.9
Ja Morant\moranja01,PG,63,.449,1.2,.487,.728,4.0,7.4,0.9,0.2,3.2,19.1
Juwan Morgan\morgaju01,PF,29,.467,0.1,.533,.429,1.0,0.3,0.1,0.0,0.1,1.2
Marcus Morris\morrima03,PF,57,.473,2.5,.592,.820,4.1,1.0,0.6,0.3,1.0,13.4
Markieff Morris\morrima02,PF,61,.405,1.1,.491,.720,4.4,1.2,0.4,0.3,0.9,6.7
Monte Morris\morrimo01,PG,47,.481,1.1,.547,.795,2.0,3.2,0.7,0.3,0.7,10.2
Mychal Mulder\muldemy01,PG,60,.449,1.4,.609,.636,1.0,0.4,0.2,0.2,0.3,5.6
Dejounte Murray\murrade01,PG,67,.453,0.9,.485,.791,7.1,5.4,1.5,0.1,1.7,15.7
Jamal Murray\murraja01,PG,48,.477,2.7,.559,.869,4.0,4.8,1.3,0.3,2.3,21.2
Mike Muscala\muscami01,C,35,.446,1.9,.573,.917,3.8,0.8,0.2,0.3,0.6,9.7
Sviatoslav Mykhailiuk\mykhasv01,SF-SG,66,.411,1.6,.515,.760,2.5,1.7,0.8,0.2,1.3,8.5
Abdel Nader\naderab01,SF,24,.491,0.8,.569,.757,2.6,0.8,0.4,0.4,0.8,6.7
Larry Nance Jr.\nancela02,PF,35,.471,1.2,.546,.612,6.7,3.1,1.7,0.5,1.6,9.3
Aaron Nesmith\nesmiaa01,SF,46,.438,0.9,.551,.786,2.8,0.5,0.3,0.2,0.5,4.7
Raul Neto\netora01,PG,64,.468,1.0,.539,.882,2.4,2.3,1.1,0.1,0.8,8.7
Georges Niang\niangge01,PF,72,.437,1.7,.590,.957,2.4,0.8,0.3,0.1,0.7,6.9
Zeke Nnaji\nnajize01,PF,42,.481,0.6,.596,.800,1.5,0.2,0.2,0.1,0.2,3.2
Nerlens Noel\noelne01,C,64,.614,0.0,.614,.714,6.4,0.7,1.1,2.2,1.0,5.1
Jaylen Nowell\nowelja01,SG,42,.424,1.2,.499,.818,2.3,1.5,0.5,0.3,0.7,9.0
Frank Ntilikina\ntilila01,PG,33,.367,0.7,.513,.444,0.9,0.6,0.5,0.1,0.3,2.7
Kendrick Nunn\nunnke01,PG,56,.485,2.2,.578,.933,3.2,2.6,0.9,0.3,1.4,14.6
James Nunnally\nunnaja01,SF,9,.385,0.4,.538,.500,1.0,0.3,0.0,0.0,0.2,1.7
Jusuf Nurkić\nurkiju01,C,37,.514,0.3,.532,.619,9.0,3.4,1.0,1.1,2.0,11.5
David Nwaba\nwabada01,SF,30,.486,0.6,.525,.691,3.9,1.0,1.0,0.7,0.6,9.2
Jordan Nwora\nworajo01,SF,30,.459,0.9,.563,.760,2.0,0.2,0.5,0.2,0.8,5.7
Royce O'Neale\onealro01,SF,71,.444,1.5,.580,.848,6.8,2.5,0.8,0.5,1.2,7.0
Semi Ojeleye\ojelese01,PF,56,.403,1.0,.534,.750,2.6,0.7,0.3,0.0,0.4,4.6
Jahlil Okafor\okafoja01,C,27,.618,0.1,.627,.708,2.4,0.5,0.2,0.2,0.8,5.4
Chuma Okeke\okekech01,PF,45,.417,1.1,.492,.750,4.0,2.2,1.1,0.5,0.8,7.8
Josh Okogie\okogijo01,SG,59,.402,0.5,.459,.769,2.6,1.1,0.9,0.5,0.7,5.4
Onyeka Okongwu\okongon01,C,50,.644,0.0,.644,.632,3.3,0.4,0.5,0.7,0.6,4.6
Isaac Okoro\okorois01,SG,67,.420,0.9,.476,.726,3.1,1.9,0.9,0.4,1.3,9.6
KZ Okpala\okpalkz01,PF,37,.375,0.3,.438,.533,1.8,0.5,0.3,0.3,0.4,2.5
Victor Oladipo\oladivi01,SG,33,.408,2.4,.476,.754,4.8,4.6,1.4,0.4,2.5,19.8
Cameron Oliver\oliveca01,SF,4,.576,1.0,.636,.250,5.3,1.3,0.5,1.0,0.8,10.8
Kelly Olynyk\olynyke01,C-PF,70,.484,1.8,.574,.829,7.0,2.9,1.1,0.6,1.8,13.5
Miye Oni\onimi01,SG,54,.354,0.6,.505,.833,1.6,0.5,0.2,0.1,0.3,1.9
Cedi Osman\osmande01,SF,59,.374,1.7,.458,.800,3.4,2.9,0.9,0.2,1.4,10.4
Daniel Oturu\oturuda01,C,30,.423,0.0,.433,.750,1.6,0.3,0.1,0.2,0.3,1.8
Kelly Oubre Jr.\oubreke01,SF,55,.439,1.6,.501,.695,6.0,1.3,1.0,0.8,1.3,15.4
Jabari Parker\parkeja01,PF,13,.545,0.2,.564,.769,3.2,0.8,0.1,0.4,0.8,5.5
Eric Paschall\pascher01,PF,40,.497,0.5,.527,.713,3.2,1.3,0.3,0.2,1.1,9.5
Anžejs Pasečņiks\pasecan01,C,1,.000,0.0,.000,,1.0,1.0,0.0,0.0,5.0,0.0
Patrick Patterson\pattepa01,PF,38,.436,1.1,.558,.765,2.0,0.8,0.4,0.2,0.3,5.2
Justin Patton\pattoju01,C,13,.414,0.7,.479,.750,3.8,1.1,0.9,1.1,0.3,5.4
Chris Paul\paulch01,PG,70,.499,1.5,.557,.934,4.5,8.9,1.4,0.3,2.2,16.4
Cameron Payne\payneca01,PG,60,.484,1.2,.576,.893,2.4,3.6,0.6,0.3,1.0,8.4
Elfrid Payton\paytoel01,PG,63,.432,0.4,.455,.682,3.4,3.2,0.7,0.1,1.6,10.1
Gary Payton II\paytoga02,PG,10,.769,0.2,.846,.750,1.1,0.1,0.6,0.1,0.1,2.5
Norvel Pelle\pelleno01,C,13,.533,0.0,.533,.667,1.5,0.2,0.1,0.7,0.2,1.5
Reggie Perry\perryre01,PF,26,.410,0.2,.436,.769,2.8,0.5,0.2,0.2,0.6,3.0
Theo Pinson\pinsoth01,SG,17,.111,0.0,.111,,0.3,0.1,0.0,0.0,0.1,0.1
Mason Plumlee\plumlma01,C,56,.614,0.0,.614,.669,9.3,3.6,0.8,0.9,1.9,10.4
Jakob Poeltl\poeltja01,C,69,.616,0.0,.616,.508,7.9,1.9,0.7,1.8,1.2,8.6
Vincent Poirier\poirivi01,C,10,.250,0.0,.250,.333,1.4,0.2,0.0,0.3,0.4,0.8
Aleksej Pokusevski\pokusal01,PF,45,.341,1.3,.412,.738,4.7,2.2,0.4,0.9,2.2,8.2
Jordan Poole\poolejo01,SG,51,.432,1.9,.535,.882,1.8,1.9,0.5,0.2,1.0,12.0
Jontay Porter\portejo01,PF,11,.533,0.3,.633,.600,1.3,0.1,0.3,0.1,0.6,2.0
Kevin Porter Jr.\porteke02,SG,26,.425,1.9,.493,.734,3.8,6.3,0.7,0.3,3.5,16.6
Michael Porter Jr.\portemi01,SF,61,.542,2.8,.646,.791,7.3,1.1,0.7,0.9,1.3,19.0
Otto Porter\porteot01,SF-PF,28,.432,1.4,.518,.857,5.4,2.0,0.6,0.1,0.9,9.7
Bobby Portis\portibo01,C,66,.523,1.1,.585,.740,7.1,1.1,0.8,0.4,0.8,11.4
Kristaps Porziņģis\porzikr01,C,43,.476,2.3,.547,.855,8.9,1.6,0.5,1.3,1.2,20.1
Dwight Powell\poweldw01,C,58,.619,0.1,.631,.782,4.0,1.1,0.6,0.5,0.7,5.9
Norman Powell\powelno01,SG-SF,69,.477,2.5,.570,.871,3.1,1.9,1.2,0.3,1.7,18.6
Taurean Prince\princta02,PF,41,.401,1.5,.495,.855,3.5,1.9,0.7,0.6,1.1,9.5
Payton Pritchard\pritcpa01,SG,66,.440,1.5,.562,.889,2.4,1.8,0.6,0.1,0.8,7.7
Immanuel Quickley\quickim01,PG,64,.395,1.8,.497,.891,2.1,2.0,0.5,0.2,0.9,11.4
Jahmi'us Ramsey\ramseja01,SG,13,.395,0.4,.461,1.000,0.8,0.5,0.3,0.1,0.2,3.1
Chasson Randle\randlch01,PG,41,.388,1.1,.481,.792,2.0,1.8,0.5,0.1,1.1,6.5
Julius Randle\randlju01,PF,71,.456,2.3,.516,.811,10.2,6.0,0.9,0.3,3.4,24.1
Cam Reddish\reddica01,SF,26,.365,1.3,.428,.817,4.0,1.3,1.3,0.3,1.3,11.2
J.J. Redick\redicjj01,SG,44,.397,1.5,.521,.942,1.5,1.2,0.3,0.1,0.8,7.4
Paul Reed\reedpa01,PF,26,.538,0.0,.538,.500,2.3,0.5,0.4,0.5,0.5,3.4
Naz Reid\reidna01,C,70,.523,0.9,.576,.693,4.6,1.0,0.5,1.1,1.0,11.2
Cameron Reynolds\reynoca01,SF,5,.333,0.6,.417,,1.0,0.4,0.0,0.0,0.0,3.0
Nick Richards\richani01,PF,18,.444,0.0,.444,.636,0.6,0.1,0.0,0.0,0.2,0.8
Josh Richardson\richajo01,SG,59,.427,1.5,.498,.917,3.3,2.6,1.0,0.4,1.3,12.1
Grant Riller\rillegr01,PG,7,.667,0.3,.750,,0.1,0.4,0.1,0.0,0.1,2.6
Austin Rivers\riverau01,SG,36,.424,1.5,.537,.710,2.3,2.3,0.8,0.1,1.0,7.9
Andre Roberson\roberan03,SG,5,.143,0.2,.179,.500,3.0,0.8,0.6,0.2,0.4,1.2
Duncan Robinson\robindu01,SF,72,.439,3.5,.614,.827,3.5,1.8,0.6,0.3,1.1,13.1
Glenn Robinson III\robingl02,SF,23,.424,0.7,.505,.913,2.0,0.9,0.2,0.1,0.5,5.3
Jerome Robinson\robinje01,SG,17,.295,0.6,.353,.800,2.2,1.5,0.7,0.4,1.1,4.9
Justin Robinson\robinju01,PG,9,.333,0.4,.429,.600,0.8,1.0,0.3,0.0,0.2,2.3
Mitchell Robinson\robinmi01,C,31,.653,0.0,.653,.491,8.1,0.5,1.1,1.5,0.8,8.3
Isaiah Roby\robyis01,PF,61,.483,0.5,.520,.744,5.6,1.8,0.9,0.6,1.9,8.7
Rajon Rondo\rondora01,PG,45,.442,0.8,.526,.941,2.4,4.4,0.8,0.1,1.8,5.4
Derrick Rose\rosede01,PG,50,.470,1.0,.511,.866,2.6,4.2,1.0,0.4,1.6,14.7
Terrence Ross\rosste01,SG,46,.412,1.9,.485,.870,3.4,2.3,1.0,0.5,1.6,15.6
Terry Rozier\roziete01,SG,69,.450,3.2,.548,.817,4.4,4.2,1.3,0.4,1.9,20.4
Ricky Rubio\rubiori01,PG,68,.388,1.0,.454,.867,3.3,6.4,1.4,0.1,1.6,8.6
D'Angelo Russell\russeda01,PG,42,.431,2.9,.523,.765,2.6,5.8,1.1,0.4,2.7,19.0
Domantas Sabonis\sabondo01,PF,62,.535,0.8,.564,.732,12.0,6.7,1.2,0.5,3.4,20.3
Luka Šamanić\samanlu01,PF,33,.448,0.4,.505,.552,2.1,0.5,0.2,0.2,0.6,3.7
JaKarr Sampson\sampsja02,PF,29,.496,0.1,.509,.655,2.7,0.1,0.1,0.5,0.5,4.6
Dario Šarić\saricda01,C,50,.447,0.9,.516,.848,3.8,1.3,0.6,0.1,1.1,8.7
Tomáš Satoranský\satorto01,SG,58,.514,0.7,.578,.848,2.4,4.7,0.7,0.2,1.7,7.7
Dennis Schröder\schrode01,SG,61,.437,1.2,.484,.848,3.5,5.8,1.1,0.2,2.7,15.4
Mike Scott\scottmi01,PF,51,.360,1.0,.486,.667,2.4,0.8,0.5,0.3,0.4,4.2
Jay Scrubb\scrubja01,SG,4,.389,0.5,.417,1.000,3.5,0.3,1.0,0.0,1.8,8.8
Collin Sexton\sextoco01,SG,60,.475,1.6,.519,.815,3.1,4.4,1.0,0.2,2.8,24.3
Landry Shamet\shamela01,SG,61,.408,2.1,.549,.846,1.8,1.6,0.5,0.2,0.8,9.3
Iman Shumpert\shumpim01,SG,2,.250,0.0,.250,,0.5,0.0,0.5,0.0,0.5,1.0
Pascal Siakam\siakapa01,PF,56,.455,1.3,.493,.827,7.2,4.5,1.1,0.7,2.3,21.4
Chris Silva\silvach01,PF,15,.625,0.1,.656,.733,1.8,0.4,0.1,0.4,0.7,2.1
Ben Simmons\simmobe01,PG,58,.557,0.1,.560,.613,7.2,6.9,1.6,0.6,3.0,14.3
Anfernee Simons\simonan01,SG,64,.419,1.9,.569,.807,2.2,1.4,0.3,0.1,0.7,7.8
Deividas Sirvydis\sirvyde01,SG,20,.350,0.5,.475,.500,1.5,0.3,0.1,0.0,0.3,2.1
Alen Smailagić\smailal01,PF,15,.407,0.3,.481,.333,1.1,0.3,0.2,0.3,0.3,1.9
Marcus Smart\smartma01,PG,48,.398,1.9,.489,.790,3.5,5.7,1.5,0.5,2.0,13.1
Dennis Smith Jr.\smithde03,PG,23,.400,0.8,.466,.731,2.4,3.3,1.0,0.6,1.1,6.7
Ish Smith\smithis01,PG,44,.434,0.4,.465,.576,3.4,3.9,0.7,0.3,0.9,6.7
Jalen Smith\smithja04,PF,27,.440,0.1,.480,.714,1.4,0.1,0.0,0.2,0.3,2.0
Tony Snell\snellto01,SG,47,.515,1.3,.696,1.000,2.4,1.3,0.3,0.2,0.4,5.3
Ray Spalding\spaldra01,C,2,.500,0.0,.500,.000,2.0,0.0,0.0,1.0,1.5,2.0
Cassius Stanley\stanlca01,SG,24,.302,0.1,.337,.778,0.8,0.0,0.0,0.1,0.0,1.5
Lamar Stevens\stevela01,PF,40,.456,0.1,.471,.725,2.4,0.6,0.4,0.3,0.6,4.1
Isaiah Stewart\stewais01,C,68,.553,0.3,.578,.696,6.7,0.9,0.6,1.3,1.0,7.9
Max Strus\strusma01,SF,39,.455,1.3,.588,.667,1.1,0.6,0.3,0.1,0.2,6.1
Edmond Sumner\sumneed01,SG,53,.525,0.7,.587,.819,1.8,0.9,0.6,0.2,1.0,7.5
Jae'Sean Tate\tateja01,SF,70,.506,0.9,.554,.694,5.3,2.5,1.2,0.5,1.4,11.3
Jayson Tatum\tatumja01,SF,64,.459,2.9,.530,.868,7.4,4.3,1.2,0.5,2.7,26.4
Jeff Teague\teaguje01,PG,55,.433,0.7,.496,.848,1.6,2.4,0.6,0.2,1.2,6.7
Garrett Temple\templga01,SG,56,.415,1.2,.503,.800,2.9,2.2,0.8,0.5,1.0,7.6
Tyrell Terry\terryty01,PG,11,.313,0.0,.313,.333,0.5,0.5,0.5,0.0,0.2,1.0
Daniel Theis\theisda01,C,65,.541,0.8,.593,.673,5.5,1.7,0.6,0.9,1.0,9.6
Brodric Thomas\thomabr01,SG,32,.361,0.5,.435,.674,1.7,0.9,0.5,0.3,0.7,3.9
Isaiah Thomas\thomais02,PG,3,.333,1.0,.389,1.000,1.3,1.7,0.3,0.0,2.0,7.7
Khyri Thomas\thomakh01,SG,5,.485,1.8,.553,1.000,3.6,5.0,1.8,1.2,1.2,16.4
Matt Thomas\thomama02,SG,45,.394,0.6,.500,.857,1.0,0.4,0.1,0.0,0.3,3.1
Tristan Thompson\thomptr01,PF,54,.518,0.0,.518,.592,8.1,1.2,0.4,0.6,1.1,7.6
Sindarius Thornwell\thornsi01,SG,21,.326,0.3,.402,.500,0.9,1.0,0.6,0.1,0.3,2.0
Matisse Thybulle\thybuma01,SG,65,.420,0.7,.508,.444,1.9,1.0,1.6,1.1,0.5,3.9
Killian Tillie\tilliki02,C,18,.333,0.6,.421,.818,1.3,0.4,0.3,0.4,0.1,3.2
Xavier Tillman Sr.\tillmxa01,PF,59,.559,0.4,.595,.642,4.3,1.3,0.7,0.6,0.8,6.6
Anthony Tolliver\tollian01,PF,11,.235,0.4,.353,.833,0.9,0.2,0.3,0.2,0.3,1.5
Obi Toppin\toppiob01,PF,62,.498,0.4,.560,.731,2.2,0.5,0.3,0.2,0.4,4.1
Juan Toscano-Anderson\toscaju01,SG,53,.579,0.7,.667,.710,4.4,2.8,0.8,0.5,1.2,5.7
Axel Toupane\toupaax01,SF,8,.364,0.1,.409,.714,0.8,0.5,0.3,0.4,0.0,1.8
Karl-Anthony Towns\townska01,C,50,.486,2.4,.555,.859,10.6,4.5,0.8,1.1,3.2,24.8
Gary Trent Jr.\trentga02,SG,58,.408,2.8,.513,.783,2.6,1.4,1.0,0.2,0.7,15.3
P.J. Tucker\tuckepj01,PF,52,.373,0.8,.486,.750,3.9,1.2,0.8,0.4,0.8,3.7
Rayjon Tucker\tuckera01,PG,14,.500,0.1,.556,.737,0.8,0.4,0.1,0.0,0.3,2.4
Myles Turner\turnemy01,C,47,.477,1.5,.557,.782,6.5,1.0,0.9,3.4,1.4,12.6
Jonas Valančiūnas\valanjo01,C,62,.592,0.3,.606,.773,12.5,1.8,0.6,0.9,1.6,17.1
Denzel Valentine\valende01,SG,62,.373,1.3,.469,.941,3.2,1.7,0.5,0.1,0.7,6.5
Jarred Vanderbilt\vandeja01,PF,64,.606,0.0,.608,.559,5.8,1.2,1.0,0.7,0.8,5.4
Fred VanVleet\vanvlfr01,SG,52,.389,3.3,.489,.885,4.2,6.3,1.7,0.7,1.8,19.6
Anderson Varejão\varejan01,C,5,.250,0.0,.250,.556,4.0,0.6,0.0,0.4,0.2,2.6
Devin Vassell\vassede01,SF,62,.406,0.8,.492,.843,2.8,0.9,0.7,0.3,0.4,5.5
Gabe Vincent\vincega01,PG,50,.378,0.9,.476,.870,1.1,1.3,0.4,0.0,0.7,4.8
Noah Vonleh\vonleno01,PF,4,.000,0.0,.000,,0.3,0.3,0.0,0.0,0.5,0.0
Nikola Vučević\vucevni01,C,70,.477,2.5,.540,.840,11.7,3.8,0.9,0.7,1.8,23.4
Dean Wade\wadede01,PF,63,.431,1.2,.556,.769,3.4,1.2,0.6,0.3,0.5,6.0
Moritz Wagner\wagnemo01,C,45,.454,0.7,.522,.816,3.2,1.1,0.6,0.4,1.0,6.9
Kemba Walker\walkeke02,PG,43,.420,3.0,.514,.899,4.0,4.9,1.1,0.3,2.0,19.3
Lonnie Walker\walkelo01,SG,60,.420,1.7,.502,.814,2.6,1.7,0.5,0.3,1.1,11.2
John Wall\walljo01,PG,40,.404,2.0,.458,.749,3.2,6.9,1.1,0.8,3.5,20.6
Brad Wanamaker\wanambr01,PG,61,.385,0.3,.411,.891,1.7,2.9,0.7,0.2,1.2,5.5
T.J. Warren\warretj01,SF,4,.529,0.0,.529,.800,3.5,1.3,0.5,0.0,1.0,15.5
P.J. Washington\washipj01,PF,64,.440,1.8,.522,.745,6.5,2.5,1.1,1.2,2.0,12.9
Yuta Watanabe\watanyu01,SF,50,.439,0.7,.539,.828,3.2,0.8,0.5,0.4,0.4,4.4
Tremont Waters\watertr01,PG,26,.405,0.6,.494,.941,0.8,2.4,0.6,0.0,1.0,3.8
Paul Watson\watsopa01,SF,27,.463,1.1,.646,.625,1.7,0.6,0.2,0.1,0.3,4.1
Quinndary Weatherspoon\weathqu01,SG,20,.457,0.1,.471,.813,0.6,0.4,0.4,0.1,0.5,2.3
Russell Westbrook\westbru01,PG,65,.439,1.3,.474,.656,11.5,11.7,1.4,0.4,4.8,22.2
Coby White\whiteco01,PG,69,.416,2.4,.506,.901,4.1,4.8,0.6,0.2,2.3,15.1
Derrick White\whitede01,SG,36,.411,2.3,.503,.851,3.0,3.5,0.7,1.0,1.3,15.4
Hassan Whiteside\whiteha01,C,36,.563,0.0,.563,.519,6.0,0.6,0.3,1.3,1.1,8.1
Greg Whittington\whittgr01,PF,4,.000,0.0,.000,,0.0,0.0,0.0,0.0,0.0,0.0
Andrew Wiggins\wiggian01,PF,71,.477,2.0,.543,.714,4.9,2.4,0.9,1.0,1.8,18.6
Grant Williams\willigr01,PF,63,.437,0.8,.534,.588,2.8,1.0,0.5,0.4,0.9,4.7
Kenrich Williams\willike04,PF,66,.533,0.8,.596,.571,4.1,2.3,0.8,0.3,1.2,8.0
Lou Williams\willilo02,PG,66,.410,1.0,.464,.867,2.1,3.4,0.7,0.1,1.6,11.3
Patrick Williams\willipa01,PF,71,.483,0.8,.534,.728,4.6,1.4,0.9,0.6,1.4,9.2
Robert Williams\williro04,C,52,.721,0.0,.721,.616,6.9,1.8,0.8,1.8,1.0,8.0
Zion Williamson\willizi01,PF,61,.611,0.2,.616,.698,7.2,3.7,0.9,0.6,2.7,27.0
D.J. Wilson\wilsodj01,PF,35,.405,0.9,.494,.680,3.2,0.7,0.3,0.5,0.6,5.2
Dylan Windler\windldy01,SF,31,.438,0.8,.538,.778,3.5,1.1,0.6,0.4,1.0,5.2
Justise Winslow\winslju01,SF,26,.352,0.4,.376,.571,4.5,1.9,0.6,0.5,1.4,6.8
Cassius Winston\winstca01,PG,22,.424,0.4,.545,.833,0.4,0.5,0.1,0.0,0.2,1.9
James Wiseman\wisemja01,C,39,.519,0.3,.535,.628,5.8,0.7,0.3,0.9,1.5,11.5
Christian Wood\woodch01,C,41,.514,1.9,.574,.631,9.6,1.7,0.8,1.2,2.0,21.0
Robert Woodard\woodaro01,SF,13,.400,0.1,.425,.375,1.2,0.2,0.0,0.2,0.1,1.5
Delon Wright\wrighde01,SG-PG,63,.463,1.0,.525,.802,4.3,4.4,1.6,0.5,1.3,10.2
Thaddeus Young\youngth01,PF,68,.559,0.2,.568,.628,6.2,4.3,1.1,0.6,2.0,12.1
Trae Young\youngtr01,PG,63,.438,2.2,.499,.886,3.9,9.4,0.8,0.2,4.1,25.3
Cody Zeller\zelleco01,C,48,.559,0.1,.565,.714,6.8,1.8,0.6,0.4,1.1,9.4
Ivica Zubac\zubaciv01,C,72,.652,0.0,.654,.789,7.2,1.3,0.3,0.9,1.1,9.0