Player,Pos,FG%,3P,eFG%,FT%,TRB,AST,STL,BLK,TOV,PTS
,,,,,,,,,,,
Álex Abrines\abrinal01,SG,.395,1.1,.540,.848,1.5,0.4,0.5,0.1,0.3,4.7
Quincy Acy\acyqu01,PF,.356,1.5,.496,.817,3.7,0.8,0.5,0.4,0.9,5.9
Steven Adams\adamsst01,C,.629,0.0,.629,.559,9.0,1.2,1.2,1.0,1.7,13.9
Bam Adebayo\adebaba01,C,.512,0.0,.512,.721,5.5,1.5,0.5,0.6,1.0,6.9
Arron Afflalo\afflaar01,SG,.401,0.5,.485,.846,1.2,0.6,0.1,0.2,0.4,3.4
Cole Aldrich\aldrico01,C,.333,0.0,.333,.333,0.7,0.1,0.1,0.0,0.0,0.6
LaMarcus Aldridge\aldrila01,C,.510,0.4,.520,.837,8.5,2.0,0.6,1.2,1.5,23.1
Jarrett Allen\allenja01,C,.589,0.1,.596,.776,5.4,0.7,0.4,1.2,1.1,8.2
Kadeem Allen\allenka01,PG,.273,0.0,.273,.778,0.6,0.7,0.2,0.1,0.5,1.1
Tony Allen\allento01,SF,.484,0.2,.505,.524,2.1,0.4,0.5,0.1,0.9,4.7
Al-Farouq Aminu\aminual01,PF,.395,1.8,.503,.738,7.6,1.2,1.1,0.6,1.1,9.3
Justin Anderson\anderju01,SF,.431,0.9,.515,.737,2.4,0.7,0.4,0.2,0.4,6.2
Kyle Anderson\anderky01,SF,.527,0.3,.549,.712,5.4,2.7,1.6,0.8,1.3,7.9
Ryan Anderson\anderry01,PF,.431,2.0,.568,.774,5.0,0.9,0.4,0.3,0.6,9.3
Ike Anigbogu\anigbik01,C,.444,0.0,.444,.833,0.8,0.0,0.1,0.3,0.2,1.2
Giannis Antetokounmpo\antetgi01,PF,.529,0.6,.545,.760,10.0,4.8,1.5,1.4,3.0,26.9
Carmelo Anthony\anthoca01,PF,.404,2.2,.476,.767,5.8,1.3,0.6,0.6,1.3,16.2
OG Anunoby\anunoog01,SF,.471,1.0,.577,.629,2.5,0.7,0.7,0.2,0.6,5.9
Ryan Arcidiacono\arcidry01,PG,.415,0.4,.524,.833,1.0,1.5,0.5,0.0,0.5,2.0
Trevor Ariza\arizatr01,SF,.412,2.5,.542,.854,4.4,1.6,1.5,0.2,0.8,11.7
Darrell Arthur\arthuda01,PF,.468,0.4,.553,.667,0.8,0.5,0.4,0.2,0.8,2.8
Jamel Artis\artisja01,SG,.392,0.5,.443,.583,2.5,1.2,0.1,0.2,0.5,5.1
Ömer Aşık\asikom01,C,.409,0.0,.409,.308,2.6,0.2,0.1,0.2,0.5,1.2
D.J. Augustin\augusdj01,PG,.452,1.5,.557,.868,2.1,3.8,0.7,0.0,1.6,10.2
Luke Babbitt\babbilu01,SF,.423,1.2,.563,.773,1.9,0.6,0.2,0.1,0.4,5.2
Dwayne Bacon\bacondw01,SG,.375,0.2,.404,.800,2.3,0.7,0.3,0.0,0.4,3.3
Ron Baker\bakerro01,SG,.339,0.4,.432,.769,1.0,1.6,0.9,0.2,0.6,2.4
Wade Baldwin\baldwwa01,PG,.667,0.6,.762,.600,1.1,0.7,0.3,0.1,0.6,5.4
Lonzo Ball\balllo01,PG,.360,1.7,.440,.451,6.9,7.2,1.7,0.8,2.6,10.2
J.J. Barea\bareajo01,PG,.439,1.7,.522,.784,2.9,6.3,0.5,0.0,2.1,11.6
Harrison Barnes\barneha02,PF,.445,1.5,.494,.827,6.1,2.0,0.6,0.2,1.5,18.9
Will Barton\bartowi01,SG,.452,1.9,.528,.805,5.0,4.1,1.0,0.6,1.8,15.7
Nicolas Batum\batumni01,SG,.415,1.4,.486,.831,4.8,5.5,1.0,0.4,2.0,11.6
Jerryd Bayless\bayleje01,SG,.416,1.4,.519,.795,2.1,1.4,0.6,0.2,1.2,7.9
Aron Baynes\baynear01,C,.471,0.0,.474,.756,5.4,1.1,0.3,0.6,1.0,6.0
Kent Bazemore\bazemke01,SG,.420,1.7,.500,.796,3.8,3.5,1.5,0.7,2.4,12.9
Bradley Beal\bealbr01,SG,.460,2.4,.527,.791,4.4,4.5,1.2,0.4,2.6,22.6
Malik Beasley\beaslma01,SG,.410,0.5,.489,.667,1.1,0.5,0.2,0.1,0.4,3.2
Michael Beasley\beaslmi01,PF,.507,0.5,.528,.780,5.6,1.7,0.5,0.6,1.9,13.2
Marco Belinelli\belinma01,SG,.441,1.9,.539,.908,1.9,1.9,0.8,0.2,1.2,12.1
Jordan Bell\belljo01,C,.627,0.0,.627,.682,3.6,1.8,0.6,1.0,0.9,4.6
DeAndre' Bembry\bembrde01,SF,.414,0.4,.457,.576,2.8,1.9,0.8,0.5,1.8,5.2
Dragan Bender\bendedr01,PF,.386,1.4,.508,.765,4.4,1.6,0.3,0.6,1.4,6.5
Dāvis Bertāns\bertada01,PF,.440,1.2,.568,.816,2.0,1.0,0.3,0.4,0.5,5.9
Patrick Beverley\beverpa01,SG,.403,2.2,.504,.824,4.1,2.9,1.7,0.5,2.3,12.2
Khem Birch\birchkh01,C,.540,0.0,.540,.689,4.3,0.8,0.4,0.5,0.5,4.2
Jabari Bird\birdja01,SG,.577,0.2,.635,.462,1.5,0.6,0.2,0.1,0.6,3.0
Bismack Biyombo\biyombi01,C,.520,0.0,.520,.650,5.7,0.8,0.3,1.2,1.0,5.7
Nemanja Bjelica\bjeline01,PF,.461,1.1,.563,.800,4.1,1.3,0.7,0.2,0.8,6.8
Tarik Black\blackta01,C,.591,0.0,.594,.460,3.2,0.3,0.4,0.6,0.7,3.5
Antonio Blakeney\blakean01,SG,.371,0.8,.423,.769,1.7,1.1,0.4,0.1,0.6,7.9
Eric Bledsoe\bledser01,PG,.473,1.7,.536,.795,3.8,5.0,2.0,0.6,2.9,17.7
Vander Blue\blueva01,SG,.200,0.0,.200,.500,0.2,0.6,0.2,0.0,0.6,0.6
Bogdan Bogdanović\bogdabo01,SG,.446,1.7,.529,.840,2.9,3.3,0.9,0.2,1.6,11.8
Bojan Bogdanović\bogdabo02,SF,.474,1.9,.565,.868,3.4,1.5,0.7,0.1,1.3,14.3
Andrew Bogut\bogutan01,C,.680,0.0,.680,1.000,3.3,0.6,0.2,0.5,0.8,1.5
Joel Bolomboy\bolomjo01,PF,.500,0.0,.500,.500,1.7,0.0,0.3,0.0,0.3,1.5
Devin Booker\bookede01,SG,.432,2.7,.501,.878,4.5,4.7,0.9,0.3,3.6,24.9
Trevor Booker\booketr01,PF,.516,0.1,.528,.710,4.7,1.2,0.4,0.3,0.9,6.3
Chris Boucher\bouchch01,PF,.000,0.0,.000,,1.0,0.0,0.0,0.0,0.0,0.0
Avery Bradley\bradlav01,SG,.414,1.6,.474,.768,2.5,2.0,1.1,0.2,2.2,14.3
Tony Bradley\bradlto01,C,.273,0.0,.273,1.000,1.2,0.1,0.0,0.0,0.0,0.9
Corey Brewer\breweco01,SF-SG,.449,0.4,.498,.722,2.1,0.9,1.1,0.2,0.7,5.3
Malcolm Brogdon\brogdma01,PG,.485,1.3,.547,.882,3.3,3.2,0.9,0.3,1.4,13.0
Aaron Brooks\brookaa01,PG,.406,0.3,.486,.727,0.5,0.6,0.2,0.0,0.3,2.3
Dillon Brooks\brookdi01,SF,.440,1.1,.501,.747,3.1,1.6,0.9,0.2,1.5,11.0
MarShon Brooks\brookma01,SG,.500,2.7,.593,.870,3.0,3.6,1.6,0.4,2.3,20.1
Anthony Brown\brownan02,SF,1.000,1.0,1.500,,0.0,1.0,0.0,0.0,0.0,3.0
Bobby Brown\brownbo02,PG,.328,0.6,.422,.500,0.4,0.6,0.2,0.0,0.5,2.5
Jaylen Brown\brownja02,SG,.465,1.7,.540,.644,4.9,1.6,1.0,0.4,1.8,14.5
Lorenzo Brown\brownlo01,PG,.412,0.1,.441,1.000,1.1,0.9,0.4,0.0,0.2,2.3
Markel Brown\brownma02,SG,.286,0.3,.357,,1.3,0.5,0.0,0.0,0.5,1.3
Sterling Brown\brownst02,SG,.400,0.6,.478,.875,2.6,0.5,0.6,0.2,0.5,4.0
Nicolás Brussino\brussni01,SF,.000,0.0,.000,,0.8,0.0,0.0,0.0,0.0,0.0
Thomas Bryant\bryanth01,C,.381,0.1,.405,.556,1.1,0.4,0.1,0.1,0.1,1.5
Reggie Bullock\bullore01,SF,.489,2.0,.603,.796,2.5,1.5,0.8,0.2,0.8,11.3
Trey Burke\burketr01,PG,.503,1.1,.552,.649,2.0,4.7,0.7,0.1,1.2,12.8
Alec Burks\burksal01,SG,.411,0.7,.467,.863,3.0,1.0,0.6,0.1,0.9,7.7
Jimmy Butler\butleji01,SG,.474,1.2,.512,.854,5.3,4.9,2.0,0.4,1.8,22.2
Dwight Buycks\buyckdw01,PG,.414,0.5,.452,.878,1.4,2.0,0.7,0.1,1.3,7.4
Bruno Caboclo\cabocbr01,SF,.290,0.3,.339,.833,1.8,0.3,0.3,0.3,0.3,2.2
José Calderón\caldejo01,PG,.503,0.8,.624,.800,1.5,2.1,0.5,0.0,0.7,4.5
Kentavious Caldwell-Pope\caldwke01,SG,.426,2.1,.526,.789,5.2,2.2,1.4,0.2,1.3,13.4
Isaiah Canaan\canaais01,PG-SG,.380,1.1,.460,.902,2.3,3.8,0.8,0.1,1.5,8.6
Clint Capela\capelca01,C,.652,0.0,.652,.560,10.8,0.9,0.8,1.9,1.4,13.9
DeMarre Carroll\carrode01,PF,.414,2.0,.506,.764,6.6,2.0,0.8,0.4,1.4,13.5
Vince Carter\cartevi01,SF,.403,1.0,.504,.757,2.6,1.2,0.7,0.4,0.6,5.4
Michael Carter-Williams\cartemi01,PG,.332,0.3,.362,.820,2.7,2.2,0.8,0.4,1.0,4.6
Alex Caruso\carusal01,PG,.431,0.4,.487,.700,1.8,2.0,0.6,0.3,1.1,3.6
Omri Casspi\casspom01,SF,.580,0.2,.604,.725,3.8,1.0,0.3,0.4,0.7,5.7
Willie Cauley-Stein\caulewi01,C,.502,0.0,.504,.619,7.0,2.4,1.1,0.9,1.5,12.8
Tyler Cavanaugh\cavanty01,PF,.441,0.8,.546,.810,3.3,0.7,0.2,0.1,0.4,4.7
Mario Chalmers\chalmma01,PG,.379,0.8,.439,.855,2.4,3.0,1.2,0.2,1.8,7.7
Tyson Chandler\chandty01,C,.647,0.0,.647,.624,9.1,1.2,0.3,0.6,1.3,6.5
Wilson Chandler\chandwi01,SF,.445,1.2,.515,.772,5.4,2.1,0.6,0.5,1.2,10.0
Marquese Chriss\chrisma01,PF,.423,0.8,.482,.608,5.5,1.2,0.7,1.0,1.5,7.7
Ian Clark\clarkia01,SG,.448,0.8,.511,.763,1.7,1.5,0.4,0.1,0.8,7.4
Jordan Clarkson\clarkjo01,SG,.451,1.4,.509,.800,2.7,2.7,0.7,0.1,1.6,13.9
Gian Clavell\clavegi01,SG,.333,0.9,.500,1.000,1.0,0.4,0.3,0.0,0.3,2.9
Antonius Cleveland\clevean01,SG,.381,0.2,.452,.667,0.8,0.1,0.4,0.3,0.4,1.4
John Collins\collijo01,PF,.576,0.2,.591,.715,7.3,1.3,0.6,1.1,1.4,10.5
Zach Collins\colliza01,C,.398,0.5,.458,.643,3.3,0.8,0.3,0.5,0.9,4.4
Kyle Collinsworth\colliky01,SF,.384,0.1,.404,.525,3.3,1.8,0.5,0.3,0.8,3.2
Darren Collison\collida01,PG,.495,1.4,.571,.882,2.6,5.3,1.3,0.2,1.2,12.4
Nick Collison\collini01,PF,.684,0.0,.684,.385,1.3,0.3,0.0,0.0,0.5,2.1
Mike Conley\conlemi01,PG,.381,2.0,.452,.803,2.3,4.1,1.0,0.3,1.5,17.1
Pat Connaughton\connapa01,SG,.423,0.9,.518,.841,2.0,1.1,0.3,0.3,0.5,5.4
Quinn Cook\cookqu01,PG,.484,1.4,.575,.880,2.5,2.7,0.4,0.0,1.0,9.5
Charles Cooke\cookech01,SG,.143,0.1,.179,.500,0.2,0.1,0.1,0.0,0.1,0.5
Jack Cooley\cooleja01,PF,.481,0.0,.481,.737,4.3,0.9,0.1,0.0,0.4,5.7
Matt Costello\costema01,C,.500,0.0,.500,,2.3,0.5,0.5,0.5,0.3,1.0
DeMarcus Cousins\couside01,C,.470,2.2,.530,.746,12.9,5.4,1.6,1.6,5.0,25.2
Robert Covington\covinro01,SF,.413,2.5,.534,.853,5.4,2.0,1.7,0.9,1.6,12.6
Allen Crabbe\crabbal01,SG,.407,2.7,.529,.852,4.3,1.6,0.6,0.5,1.0,13.2
Torrey Craig\craigto01,SF,.453,0.4,.515,.629,3.3,0.6,0.3,0.4,0.5,4.2
Jamal Crawford\crawfja01,SG,.415,1.3,.485,.903,1.2,2.3,0.5,0.1,1.2,10.3
Jordan Crawford\crawfjo02,SG,.444,1.6,.593,1.000,0.8,2.6,0.2,0.2,1.0,6.6
Jae Crowder\crowdja01,SF,.404,1.4,.486,.818,3.4,1.2,0.8,0.3,0.9,9.7
Dante Cunningham\cunnida01,SF,.451,0.8,.530,.596,4.1,0.7,0.5,0.4,0.5,5.7
Stephen Curry\curryst01,PG,.495,4.2,.618,.921,5.1,6.1,1.6,0.2,3.0,26.4
Troy Daniels\danietr01,SG,.403,2.3,.563,.875,1.6,0.6,0.3,0.1,0.7,8.9
Anthony Davis\davisan02,PF,.534,0.7,.552,.828,11.1,2.3,1.5,2.6,2.2,28.1
Deyonta Davis\davisde01,C,.608,0.0,.608,.667,4.0,0.6,0.2,0.6,0.5,5.8
Ed Davis\davised01,C,.582,0.0,.582,.667,7.4,0.5,0.4,0.7,0.8,5.3
Dewayne Dedmon\dedmode01,C,.524,0.8,.577,.779,7.9,1.5,0.6,0.8,1.4,10.0
Sam Dekker\dekkesa01,PF,.494,0.1,.514,.661,2.4,0.5,0.3,0.1,0.5,4.2
Malcolm Delaney\delanma01,PG,.382,0.9,.463,.804,1.9,3.0,0.6,0.1,1.2,6.3
Matthew Dellavedova\dellama01,PG,.362,0.8,.457,.926,1.7,3.8,0.4,0.0,1.3,4.3
Luol Deng\denglu01,SF,.500,0.0,.500,,0.0,1.0,1.0,0.0,1.0,2.0
DeMar DeRozan\derozde01,SG,.456,1.1,.488,.825,3.9,5.2,1.1,0.3,2.2,23.0
Cheick Diallo\diallch01,PF,.580,0.0,.580,.758,4.1,0.4,0.2,0.4,0.5,4.9
Gorgui Dieng\dienggo01,C,.479,0.2,.504,.775,4.6,0.9,0.6,0.5,0.7,5.9
Spencer Dinwiddie\dinwisp01,PG,.387,1.8,.471,.813,3.2,6.6,0.9,0.3,1.6,12.6
Tyler Dorsey\dorsety01,SG,.377,1.3,.471,.714,2.3,1.4,0.3,0.1,0.7,7.2
Damyean Dotson\dotsoda01,SG,.447,0.5,.516,.696,1.9,0.7,0.3,0.0,0.4,4.1
Milton Doyle\doylemi01,SG,.277,0.4,.319,.500,1.8,1.0,0.6,0.2,0.2,3.4
PJ Dozier\doziepj01,PG,.500,0.0,.500,,0.5,0.0,0.0,0.0,0.5,1.0
Goran Dragić\dragigo01,PG,.450,1.5,.502,.801,4.1,4.8,0.8,0.2,2.2,17.3
Larry Drew II\drewla02,PG,.292,0.3,.354,,0.3,1.0,0.0,0.0,0.3,1.7
Andre Drummond\drumman01,C,.529,0.0,.529,.605,16.0,3.0,1.5,1.6,2.6,15.0
Jared Dudley\dudleja01,PF,.393,0.6,.512,.771,2.0,1.6,0.5,0.2,0.6,3.2
Kris Dunn\dunnkr01,PG,.429,0.8,.462,.737,4.3,6.0,2.0,0.5,2.9,13.4
Kevin Durant\duranke01,SF,.516,2.5,.586,.889,6.8,5.4,0.7,1.8,3.0,26.4
Jarell Eddie\eddieja01,SF,.000,0.0,.000,,0.3,0.0,0.3,0.0,0.0,0.0
Henry Ellenson\ellenhe01,PF,.363,0.5,.432,.862,2.1,0.5,0.1,0.0,0.5,4.0
Wayne Ellington\ellinwa01,SG,.407,2.9,.569,.859,2.8,1.0,0.7,0.1,0.7,11.2
Joel Embiid\embiijo01,C,.483,1.0,.514,.769,11.0,3.2,0.6,1.8,3.7,22.9
James Ennis\ennisja01,SF,.474,0.7,.540,.836,3.1,1.0,0.7,0.3,0.8,7.1
Tyler Ennis\ennisty01,PG,.420,0.3,.451,.759,1.8,1.9,0.6,0.2,0.7,4.1
Jawun Evans\evansja01,PG,.352,0.3,.381,.776,1.8,2.1,0.8,0.1,0.9,4.8
Jeremy Evans\evansje01,SF,1.000,0.0,1.000,,1.0,0.0,0.0,0.0,1.0,2.0
Tyreke Evans\evansty01,PG,.452,2.2,.523,.785,5.1,5.2,1.1,0.3,2.3,19.4
Dante Exum\exumda01,PG,.483,0.4,.511,.806,1.9,3.1,0.6,0.2,1.4,8.1
Kenneth Faried\farieke01,PF,.514,0.0,.514,.706,4.8,0.6,0.4,0.4,0.7,5.9
Derrick Favors\favorde01,C,.563,0.2,.573,.651,7.2,1.3,0.7,1.1,1.1,12.3
Kay Felder\feldeka01,PG,.300,0.3,.329,.917,1.1,1.3,0.2,0.1,1.0,3.6
Cristiano Felício\feliccr01,C,.591,0.0,.591,.667,4.2,1.0,0.3,0.2,1.0,5.6
Raymond Felton\feltora01,PG,.406,1.0,.479,.818,1.9,2.5,0.6,0.2,0.9,6.9
Terrance Ferguson\fergute01,SG,.414,0.7,.533,.900,0.8,0.3,0.4,0.2,0.2,3.1
Yogi Ferrell\ferreyo01,SG,.426,1.6,.518,.796,3.0,2.5,0.8,0.1,1.0,10.2
Dorian Finney-Smith\finnedo01,PF,.380,1.0,.463,.733,3.6,1.2,0.5,0.2,1.0,5.9
Bryn Forbes\forbebr01,SG,.421,1.1,.510,.667,1.4,1.0,0.4,0.0,0.5,6.9
Evan Fournier\fournev01,SF,.459,2.2,.538,.867,3.2,2.9,0.8,0.3,1.7,17.8
De'Aaron Fox\foxde01,PG,.412,0.6,.441,.723,2.8,4.4,1.0,0.3,2.4,11.6
Tim Frazier\fraziti01,PG,.395,0.3,.445,.767,1.9,3.3,0.8,0.1,1.0,3.0
Channing Frye\fryech01,C,.491,0.7,.583,.895,2.5,0.7,0.3,0.2,0.4,5.0
Markelle Fultz\fultzma01,SG,.405,0.0,.405,.476,3.1,3.8,0.9,0.3,1.2,7.1
Danilo Gallinari\gallida01,SF,.398,1.7,.469,.931,4.8,2.0,0.6,0.5,1.2,15.3
Langston Galloway\gallola01,SG,.371,1.3,.481,.805,1.6,1.0,0.6,0.1,0.3,6.2
Marc Gasol\gasolma01,C,.420,1.5,.473,.834,8.1,4.2,0.7,1.4,2.7,17.2
Pau Gasol\gasolpa01,C,.458,0.6,.492,.756,8.0,3.1,0.3,1.0,1.4,10.1
Rudy Gay\gayru01,PF,.471,0.6,.506,.772,5.1,1.3,0.8,0.7,1.4,11.5
Paul George\georgpa01,SF,.430,3.1,.521,.822,5.7,3.3,2.0,0.5,2.7,21.9
Marcus Georges-Hunt\georgma01,SG,.438,0.1,.479,.619,0.4,0.2,0.1,0.0,0.1,1.4
Jonathan Gibson\gibsojo01,PG,.609,1.5,.739,,0.8,1.0,0.0,0.0,0.8,8.5
Taj Gibson\gibsota01,PF,.577,0.1,.581,.768,7.1,1.2,0.8,0.7,1.1,12.2
Manu Ginóbili\ginobma01,SG,.434,1.0,.503,.840,2.2,2.5,0.7,0.2,1.6,8.9
Rudy Gobert\goberru01,C,.622,0.0,.622,.682,10.7,1.4,0.8,2.3,1.9,13.5
Aaron Gordon\gordoaa01,PF,.434,2.0,.500,.698,7.9,2.3,1.0,0.8,1.8,17.6
Eric Gordon\gordoer01,SG,.428,3.2,.540,.809,2.5,2.2,0.6,0.4,1.9,18.0
Marcin Gortat\gortama01,C,.518,0.0,.518,.675,7.6,1.8,0.5,0.7,1.2,8.4
Treveon Graham\grahatr01,SG,.434,0.6,.525,.695,1.9,0.9,0.5,0.0,0.4,4.3
Jerami Grant\grantje01,PF,.535,0.4,.570,.675,3.9,0.7,0.4,1.0,0.7,8.4
Jerian Grant\grantje02,PG,.416,0.8,.476,.745,2.3,4.6,0.9,0.1,1.2,8.4
Josh Gray\grayjo01,PG,.268,0.6,.305,.636,2.0,2.4,1.6,0.4,1.4,6.4
Danny Green\greenda02,SG,.387,1.7,.490,.769,3.6,1.6,0.9,1.1,1.1,8.6
Draymond Green\greendr01,PF,.454,1.1,.516,.775,7.6,7.3,1.4,1.3,2.9,11.0
Gerald Green\greenge01,SG,.407,2.7,.540,.850,3.2,0.6,0.6,0.4,0.8,12.1
JaMychal Green\greenja01,PF,.457,0.8,.501,.721,8.4,1.4,0.6,0.5,1.4,10.3
Jeff Green\greenje02,PF,.477,0.7,.520,.868,3.2,1.3,0.5,0.4,1.0,10.8
Blake Griffin\griffbl01,PF,.438,1.9,.493,.785,7.4,5.8,0.7,0.3,2.8,21.4
Daniel Hamilton\hamilda02,SG,.455,0.3,.545,,0.8,1.3,0.2,0.0,0.3,2.0
Tim Hardaway Jr.\hardati02,SG,.421,2.3,.496,.816,3.9,2.7,1.1,0.2,1.6,17.5
James Harden\hardeja01,SG,.449,3.7,.541,.858,5.4,8.8,1.8,0.7,4.4,30.4
Maurice Harkless\harklma01,SF,.495,0.8,.577,.712,2.7,0.9,0.8,0.7,0.7,6.5
Montrezl Harrell\harremo01,C,.635,0.0,.636,.626,4.0,1.0,0.5,0.7,0.9,11.0
Devin Harris\harride01,PG,.412,1.1,.499,.835,1.8,2.1,0.7,0.2,1.1,8.4
Gary Harris\harriga01,SG,.485,2.3,.570,.827,2.6,2.9,1.8,0.2,1.8,17.5
Joe Harris\harrijo01,SG,.491,1.9,.612,.827,3.3,1.6,0.4,0.3,1.2,10.8
Tobias Harris\harrito02,PF,.460,2.3,.535,.829,5.5,2.4,0.9,0.4,1.3,18.6
Aaron Harrison\harriaa01,SG,.275,1.0,.341,.765,2.7,1.2,1.0,0.2,0.3,6.7
Andrew Harrison\harrian01,PG,.422,0.8,.477,.780,2.3,3.2,0.7,0.5,1.4,9.5
Shaquille Harrison\harrish01,PG,.476,0.3,.500,.737,2.7,2.4,1.1,0.3,1.0,6.6
Josh Hart\hartjo01,SG,.469,1.2,.573,.702,4.2,1.3,0.7,0.3,0.7,7.9
Udonis Haslem\hasleud01,C,.200,0.1,.233,.500,0.7,0.4,0.0,0.1,0.1,0.6
Nigel Hayes\hayesni01,SF,.333,0.4,.394,.333,2.4,0.7,0.2,0.3,0.2,3.0
Gordon Hayward\haywago01,SF,.500,0.0,.500,,1.0,0.0,0.0,0.0,0.0,2.0
Reggie Hearn\hearnre01,SG,.500,0.3,.750,,0.0,0.0,0.0,0.0,0.0,1.0
Myke Henry\henrymy01,SF,.376,1.0,.463,.600,1.9,1.1,1.6,0.3,1.0,5.4
John Henson\hensojo01,C,.572,0.0,.573,.570,6.8,1.5,0.6,1.4,1.1,8.8
Juan Hernangómez\hernaju01,PF,.387,0.6,.480,.833,2.2,0.5,0.2,0.1,0.4,3.3
Willy Hernangómez\hernawi01,C,.555,0.1,.570,.656,3.8,0.7,0.4,0.3,0.7,5.1
Mario Hezonja\hezonma01,SF,.442,1.2,.515,.819,3.7,1.4,1.1,0.4,1.1,9.6
Isaiah Hicks\hicksis01,PF,.458,0.1,.472,.667,2.3,0.9,0.1,0.2,0.9,4.4
Buddy Hield\hieldbu01,SG,.446,2.2,.540,.877,3.8,1.9,1.1,0.3,1.6,13.5
Nenê\hilarne01,C,.569,0.0,.569,.636,3.4,0.9,0.5,0.3,0.7,6.5
George Hill\hillge01,PG,.460,1.3,.543,.786,2.7,2.8,0.9,0.4,1.3,10.0
Solomon Hill\hillso01,SF,.268,0.3,.317,.500,3.0,1.8,0.6,0.1,0.8,2.4
Darrun Hilliard\hillida01,SG,.263,0.0,.263,.857,0.5,0.8,0.1,0.0,0.3,1.1
Jrue Holiday\holidjr01,SG,.494,1.5,.543,.786,4.5,6.0,1.5,0.8,2.6,19.0
Justin Holiday\holidju01,SG,.371,2.2,.474,.823,4.0,2.1,1.1,0.4,1.3,12.2
John Holland\hollajo02,SF,.288,0.5,.381,.692,1.0,0.2,0.3,0.1,0.3,2.3
Rondae Hollis-Jefferson\holliro01,SF,.472,0.2,.481,.788,6.8,2.5,1.0,0.7,1.8,13.9
Richaun Holmes\holmeri01,C,.560,0.1,.568,.661,4.4,1.3,0.4,0.6,0.5,6.5
Rodney Hood\hoodro01,SG,.429,2.1,.513,.860,2.8,1.6,0.8,0.2,1.2,14.7
Scotty Hopson\hopsosc01,SG,.000,0.0,.000,.500,0.0,1.0,0.0,0.0,1.0,1.0
Al Horford\horfoal01,C,.489,1.3,.553,.783,7.4,4.7,0.6,1.1,1.8,12.9
Danuel House\houseda01,SG,.434,0.7,.492,.806,3.3,1.1,0.3,0.3,0.5,6.6
Dwight Howard\howardw01,C,.555,0.0,.556,.574,12.5,1.3,0.6,1.6,2.6,16.6
Josh Huestis\huestjo01,PF,.330,0.5,.420,.300,2.3,0.3,0.2,0.6,0.4,2.3
R.J. Hunter\hunterj01,SG,.350,0.6,.425,1.000,1.0,0.6,0.6,0.0,0.4,3.8
Vince Hunter\huntevi01,PF,.600,0.0,.600,,0.8,0.0,0.0,0.3,0.3,1.5
Serge Ibaka\ibakase01,PF,.483,1.4,.552,.797,6.3,0.8,0.4,1.3,1.2,12.6
Andre Iguodala\iguodan01,SF,.463,0.5,.514,.632,3.8,3.3,0.8,0.6,1.0,6.0
Ersan İlyasova\ilyaser01,PF,.452,1.3,.526,.778,5.9,1.3,0.9,0.4,1.0,10.9
Joe Ingles\inglejo01,SF,.467,2.5,.609,.795,4.2,4.8,1.1,0.2,1.9,11.5
Andre Ingram\ingraan01,SG,.471,2.5,.618,1.000,3.0,3.5,1.5,1.5,1.5,12.0
Brandon Ingram\ingrabr01,SF,.470,0.7,.497,.681,5.3,3.9,0.8,0.7,2.5,16.1
Kyrie Irving\irvinky01,PG,.491,2.8,.568,.889,3.8,5.1,1.1,0.3,2.3,24.4
Jonathan Isaac\isaacjo01,PF,.379,0.6,.434,.760,3.7,0.7,1.2,1.1,1.0,5.4
Wesley Iwundu\iwundwe01,SF,.427,0.1,.447,.723,2.2,0.9,0.5,0.2,0.5,3.7
Jarrett Jack\jackja01,PG,.427,0.4,.455,.840,3.1,5.6,0.6,0.1,1.9,7.5
Aaron Jackson\jacksaa01,PG,.333,1.0,.389,.500,3.0,1.0,0.0,0.0,1.0,8.0
Demetrius Jackson\jacksde01,PG,.389,0.1,.417,.500,0.8,0.6,0.3,0.1,0.7,1.1
Josh Jackson\jacksjo02,SF,.417,0.7,.448,.634,4.6,1.5,1.0,0.5,1.9,13.1
Justin Jackson\jacksju01,SF,.442,0.8,.510,.722,2.8,1.1,0.4,0.2,0.6,6.7
Reggie Jackson\jacksre01,PG,.426,1.2,.471,.836,2.8,5.3,0.6,0.1,2.2,14.6
LeBron James\jamesle01,PF,.542,1.8,.590,.731,8.6,9.1,1.4,0.9,4.2,27.5
Mike James\jamesmi02,PG,.383,0.7,.424,.762,2.5,3.5,0.8,0.2,1.4,9.3
Al Jefferson\jeffeal01,C,.534,0.0,.534,.833,4.0,0.8,0.4,0.6,0.6,7.0
Richard Jefferson\jefferi01,SF,.444,0.1,.481,.571,0.9,0.8,0.1,0.1,0.3,1.5
Brandon Jennings\jennibr01,PG,.375,0.6,.438,1.000,2.2,3.1,0.4,0.3,1.3,5.2
Jonas Jerebko\jerebjo01,PF,.466,0.9,.562,.807,3.3,0.6,0.3,0.2,0.4,5.8
Amir Johnson\johnsam01,C,.538,0.1,.558,.612,4.5,1.6,0.6,0.6,0.7,4.6
Brice Johnson\johnsbr02,PF,.476,0.0,.476,.600,1.7,0.1,0.5,0.3,0.3,2.4
Dakari Johnson\johnsda04,C,.564,0.0,.564,.550,1.1,0.3,0.2,0.3,0.1,1.8
James Johnson\johnsja01,PF,.503,0.8,.550,.698,4.9,3.8,1.0,0.7,1.9,10.8
Joe Johnson\johnsjo02,SF,.406,0.7,.461,.889,3.1,1.5,0.3,0.1,0.9,6.8
Omari Johnson\johnsom01,PF,.429,1.0,.524,,2.8,1.8,0.5,0.0,0.8,5.5
Stanley Johnson\johnsst04,SF,.375,1.0,.435,.772,3.7,1.6,1.4,0.2,1.1,8.7
Tyler Johnson\johnsty01,PG,.435,1.7,.518,.822,3.4,2.3,0.8,0.5,1.1,11.7
Wesley Johnson\johnswe01,SF,.408,0.8,.489,.741,2.9,0.8,1.0,0.8,0.7,5.4
Nikola Jokić\jokicni01,C,.499,1.5,.554,.850,10.7,6.1,1.2,0.8,2.8,18.5
Damian Jones\jonesda03,C,.500,0.0,.500,.600,0.9,0.1,0.1,0.2,0.3,1.7
Derrick Jones Jr.\jonesde02,SF,.396,0.2,.425,.667,1.9,0.5,0.2,0.7,0.4,3.1
Jalen Jones\jonesja04,SF,.382,0.6,.456,.632,2.4,0.3,0.3,0.1,0.4,4.6
Tyus Jones\jonesty01,PG,.457,0.5,.526,.877,1.6,2.8,1.2,0.1,0.7,5.1
DeAndre Jordan\jordade01,C,.645,0.0,.645,.580,15.2,1.5,0.5,0.9,1.8,12.0
Cory Joseph\josepco01,PG,.424,0.8,.479,.745,3.2,3.2,1.0,0.2,1.1,7.9
Frank Kaminsky\kaminfr01,PF,.429,1.3,.501,.799,3.6,1.6,0.5,0.2,0.8,11.1
Enes Kanter\kanteen01,C,.592,0.0,.592,.848,11.0,1.5,0.5,0.5,1.7,14.1
Luke Kennard\kennalu01,SG,.443,1.1,.530,.855,2.4,1.7,0.6,0.2,0.9,7.6
Michael Kidd-Gilchrist\kiddgmi01,SF,.504,0.0,.504,.684,4.1,1.0,0.7,0.4,0.7,9.2
Sean Kilpatrick\kilpase01,SG,.374,0.9,.452,.889,1.7,0.9,0.3,0.1,0.7,6.3
Maxi Kleber\klebima01,PF,.489,0.6,.553,.746,3.3,0.7,0.4,0.7,0.4,5.4
Furkan Korkmaz\korkmfu01,SG,.286,0.4,.375,.500,0.8,0.3,0.1,0.1,0.1,1.6
Luke Kornet\kornelu01,PF,.392,1.4,.504,.727,3.2,1.3,0.3,0.8,0.6,6.7
Kyle Korver\korveky01,SG,.459,2.2,.628,.889,2.3,1.2,0.4,0.4,0.8,9.2
Kosta Koufos\koufoko01,C,.571,0.0,.571,.446,6.6,1.2,0.7,0.5,0.7,6.7
Kyle Kuzma\kuzmaky01,PF,.450,2.1,.527,.707,6.3,1.8,0.6,0.4,1.8,16.1
Mindaugas Kuzminskas\kuzmimi01,SF,.000,0.0,.000,,0.0,0.0,0.0,0.0,0.0,0.0
Skal Labissière\labissk01,PF,.448,0.3,.467,.805,4.8,1.2,0.4,0.8,1.2,8.7
Jeremy Lamb\lambje01,SG,.457,1.2,.513,.861,4.1,2.3,0.8,0.4,1.2,12.9
Shane Larkin\larkish01,PG,.384,0.6,.454,.865,1.7,1.8,0.5,0.0,0.6,4.3
Joffrey Lauvergne\lauvejo01,C,.516,0.0,.516,.638,3.1,0.7,0.2,0.1,0.6,4.1
Zach LaVine\lavinza01,SG,.383,1.8,.442,.813,3.9,3.0,1.0,0.2,1.8,16.7
Jake Layman\laymaja01,SF,.298,0.1,.340,.667,0.5,0.3,0.2,0.1,0.1,1.0
T.J. Leaf\leaftj01,PF,.471,0.3,.537,.625,1.5,0.2,0.1,0.1,0.2,2.9
Courtney Lee\leeco01,SG,.454,1.5,.529,.919,2.9,2.4,1.1,0.2,1.1,12.0
Damion Lee\leeda03,SG,.408,1.0,.457,.759,4.7,1.9,1.3,0.1,0.9,10.7
Walt Lemon Jr.\lemonwa01,PG,.438,0.2,.469,.667,0.4,1.0,0.0,0.2,0.8,3.4
Alex Len\lenal01,C,.566,0.0,.567,.684,7.5,1.2,0.4,0.9,1.1,8.5
Kawhi Leonard\leonaka01,SF,.468,1.2,.518,.816,4.7,2.3,2.0,1.0,1.8,16.2
Meyers Leonard\leoname01,C,.590,0.3,.660,.818,2.1,0.5,0.2,0.0,0.3,3.4
Jon Leuer\leuerjo01,PF,.417,0.0,.417,.867,4.0,0.6,0.1,0.4,0.9,5.4
Caris LeVert\leverca01,SF,.435,1.2,.493,.711,3.7,4.2,1.2,0.3,2.2,12.1
DeAndre Liggins\liggide01,SG,.377,0.3,.467,.400,1.3,0.8,0.6,0.2,0.3,1.7
Damian Lillard\lillada01,PG,.439,3.1,.519,.916,4.5,6.6,1.1,0.4,2.8,26.9
Jeremy Lin\linje01,PG,.417,1.0,.458,1.000,0.0,4.0,0.0,0.0,3.0,18.0
Shaun Livingston\livinsh01,PG,.501,0.0,.501,.820,1.8,2.0,0.5,0.3,0.8,5.5
Kevon Looney\looneke01,C,.580,0.0,.583,.545,3.3,0.6,0.5,0.8,0.5,4.0
Brook Lopez\lopezbr01,C,.465,1.5,.536,.703,4.0,1.7,0.4,1.3,1.3,13.0
Robin Lopez\lopezro01,C,.530,0.1,.533,.756,4.5,1.9,0.2,0.8,1.7,11.8
Kevin Love\loveke01,C,.458,2.3,.552,.880,9.3,1.7,0.7,0.4,1.5,17.6
Kyle Lowry\lowryky01,PG,.427,3.1,.553,.854,5.6,6.9,1.1,0.2,2.3,16.2
Timothé Luwawu-Cabarrot\luwawti01,SF,.375,1.0,.474,.793,1.4,1.0,0.2,0.1,0.7,5.8
Tyler Lydon\lydonty01,PF,,0.0,,,0.0,0.0,0.0,0.0,0.0,0.0
Trey Lyles\lylestr01,PF,.491,1.1,.566,.706,4.8,1.2,0.4,0.5,0.8,9.9
Shelvin Mack\macksh01,PG,.430,0.7,.488,.711,2.4,3.9,0.8,0.1,1.3,6.9
Josh Magette\magetjo01,PG,.326,0.4,.413,1.000,1.1,3.2,0.4,0.1,0.5,2.6
Ian Mahinmi\mahinia01,C,.556,0.0,.556,.703,4.1,0.7,0.5,0.5,1.3,4.8
Thon Maker\makerth01,C,.411,0.4,.460,.699,3.0,0.6,0.5,0.7,0.6,4.8
Boban Marjanović\marjabo01,C,.534,0.0,.534,.794,3.7,0.6,0.3,0.3,0.9,6.0
Lauri Markkanen\markkla01,PF,.434,2.1,.518,.843,7.5,1.2,0.6,0.6,1.2,15.2
Jarell Martin\martija01,PF,.446,0.5,.480,.767,4.4,1.0,0.5,0.7,1.2,7.7
Frank Mason III\masonfr01,PG,.379,0.6,.420,.817,2.5,2.8,0.7,0.2,1.3,7.9
Mangok Mathiang\mathima01,C,.571,0.0,.571,.000,2.5,0.0,0.3,0.0,0.0,2.0
Wesley Matthews\matthwe02,SF,.406,2.4,.516,.822,3.1,2.7,1.2,0.3,1.3,12.7
Luc Mbah a Moute\mbahalu01,PF,.481,1.0,.572,.684,3.0,0.9,1.2,0.4,1.1,7.5
James Michael McAdoo\mcadoja01,PF,.286,0.7,.429,1.000,0.7,0.0,0.0,0.3,0.3,2.7
Patrick McCaw\mccawpa01,SG,.409,0.3,.451,.765,1.4,1.4,0.8,0.2,0.7,4.0
CJ McCollum\mccolcj01,SG,.443,2.3,.506,.836,4.0,3.4,1.0,0.4,1.9,21.4
T.J. McConnell\mccontj01,PG,.499,0.4,.531,.795,3.0,4.0,1.2,0.2,1.5,6.3
Erik McCree\mccreer01,SF,.000,0.0,.000,,0.3,0.0,0.3,0.0,0.3,0.0
Chris McCullough\mcculch01,PF,.429,0.1,.440,.643,1.3,0.2,0.0,0.3,0.1,2.4
Doug McDermott\mcderdo01,SF,.467,1.1,.557,.790,2.5,1.0,0.2,0.2,0.7,7.8
JaVale McGee\mcgeeja01,C,.621,0.0,.621,.731,2.6,0.5,0.3,0.9,0.4,4.8
Rodney McGruder\mcgruro01,SG,.493,0.8,.596,.500,1.8,0.9,0.4,0.2,0.2,5.1
Trey McKinney-Jones\mckintr01,SG,,0.0,,,0.0,0.0,0.0,0.0,0.0,0.0
Alfonzo McKinnie\mckinal01,SF,.533,0.2,.633,.667,0.5,0.1,0.1,0.1,0.2,1.5
Ben McLemore\mclembe01,SG,.421,1.0,.495,.828,2.5,0.9,0.7,0.3,1.1,7.5
Josh McRoberts\mcrobjo01,PF,.000,0.0,.000,,0.0,0.0,0.0,0.0,0.0,0.0
Jodie Meeks\meeksjo01,SG,.399,0.9,.491,.863,1.6,0.9,0.4,0.1,0.5,6.3
Salah Mejri\mejrisa01,C,.642,0.0,.642,.576,4.0,0.6,0.4,1.1,0.6,3.5
Jordan Mickey\mickejo01,PF,.476,0.1,.488,.684,3.5,0.4,0.3,0.4,0.8,4.0
Khris Middleton\middlkh01,SF,.466,1.8,.524,.884,5.2,4.0,1.5,0.3,2.3,20.1
C.J. Miles\milescj01,SF,.379,2.3,.516,.835,2.2,0.8,0.5,0.3,0.6,10.0
Darius Miller\milleda01,SF,.444,1.8,.594,.866,2.0,1.4,0.3,0.2,0.7,7.8
Malcolm Miller\millema01,SF,.464,0.5,.607,1.000,1.0,0.2,0.1,0.1,0.3,2.5
Patty Mills\millspa02,PG,.411,1.9,.523,.890,1.9,2.8,0.7,0.1,1.3,10.0
Paul Millsap\millspa01,PF,.464,1.0,.509,.696,6.4,2.8,1.0,1.2,1.9,14.6
Nikola Mirotić\mirotni01,PF,.447,2.5,.546,.818,7.4,1.5,0.8,0.7,1.1,15.6
Donovan Mitchell\mitchdo01,SG,.437,2.4,.506,.805,3.7,3.7,1.5,0.3,2.7,20.5
Naz Mitrou-Long\mitrona01,SG,1.000,1.0,1.500,,0.0,0.0,0.0,0.0,0.0,3.0
Malik Monk\monkma01,SG,.360,1.3,.458,.842,1.0,1.4,0.3,0.1,0.8,6.7
Greg Monroe\monrogr01,C,.565,0.0,.565,.739,6.9,2.2,0.9,0.5,1.8,10.3
Luis Montero\montelu01,SG,.000,0.0,.000,,1.0,0.0,0.0,0.0,1.0,0.0
Ben Moore\moorebe01,PF,,0.0,,,0.5,0.5,0.0,0.0,0.0,0.0
E'Twaun Moore\mooreet01,SG,.508,1.6,.585,.706,2.9,2.3,1.0,0.1,1.2,12.5
Eric Moreland\moreler01,PF,.541,0.0,.541,.379,4.1,1.2,0.5,0.8,0.6,2.1
Jaylen Morris\morrija01,SG,.406,0.3,.438,,2.7,1.2,0.3,0.2,1.0,4.7
Marcus Morris\morrima03,PF,.429,1.6,.499,.805,5.4,1.3,0.6,0.2,1.2,13.6
Markieff Morris\morrima02,PF,.480,1.0,.536,.820,5.6,1.9,0.8,0.5,1.7,11.5
Monte Morris\morrimo01,PG,.667,0.0,.667,1.000,0.7,2.3,1.0,0.0,0.3,3.3
Johnathan Motley\motlejo01,PF,.533,0.1,.540,.536,4.5,0.6,0.3,0.2,0.8,8.7
Timofey Mozgov\mozgoti01,C,.559,0.1,.581,.767,3.2,0.4,0.2,0.4,1.1,4.2
Emmanuel Mudiay\mudiaem01,PG,.388,0.7,.433,.760,2.4,3.2,0.6,0.2,1.8,8.6
Shabazz Muhammad\muhamsh01,SF-SG,.447,0.2,.465,.780,1.8,0.3,0.2,0.1,0.1,5.0
Xavier Munford\munfoxa02,SG,.167,0.0,.167,.500,0.2,0.7,0.2,0.0,0.3,0.5
Dejounte Murray\murrade01,PG,.443,0.1,.451,.709,5.7,2.9,1.2,0.4,1.7,8.1
Jamal Murray\murraja01,PG,.451,2.0,.529,.905,3.7,3.4,1.0,0.3,2.1,16.7
Mike Muscala\muscami01,C,.458,1.2,.558,.919,4.3,1.0,0.6,0.5,0.8,7.6
Abdel Nader\naderab01,SF,.336,0.5,.413,.590,1.5,0.5,0.3,0.2,0.7,3.0
Larry Nance Jr.\nancela02,C,.581,0.0,.584,.664,6.8,1.2,1.3,0.6,0.8,8.7
Shabazz Napier\napiesh01,PG,.420,1.1,.497,.841,2.3,2.0,1.1,0.2,1.2,8.7
Jameer Nelson\nelsoja01,PG,.389,0.8,.473,.800,2.1,3.6,0.5,0.1,1.3,4.9
Raul Neto\netora01,PG,.457,0.5,.520,.743,1.2,1.8,0.3,0.1,0.9,4.5
Georges Niang\niangge01,PF,.364,0.0,.364,.500,1.0,0.3,0.2,0.0,0.3,1.0
Joakim Noah\noahjo01,C,.500,0.0,.500,.500,2.0,0.6,0.3,0.3,0.6,1.7
Nerlens Noel\noelne01,C,.524,0.0,.524,.750,5.6,0.7,1.0,0.7,0.9,4.4
Lucas Nogueira\noguelu01,C,.613,0.1,.644,.679,1.8,0.4,0.5,0.9,0.3,2.5
Dirk Nowitzki\nowitdi01,C,.456,1.8,.547,.898,5.7,1.6,0.6,0.6,0.7,12.0
Frank Ntilikina\ntilila01,PG,.364,0.6,.414,.721,2.3,3.2,0.8,0.2,1.7,5.9
Jusuf Nurkić\nurkiju01,C,.505,0.0,.505,.630,9.0,1.8,0.8,1.4,2.3,14.3
David Nwaba\nwabada01,SG,.478,0.3,.499,.655,4.7,1.5,0.8,0.4,1.1,7.9
Johnny O'Bryant\obryajo01,PF,.398,0.4,.439,.840,2.6,0.4,0.3,0.2,0.4,4.8
Royce O'Neale\onealro01,SF,.423,0.6,.496,.803,3.4,1.4,0.5,0.2,0.8,5.0
Kyle O'Quinn\oquinky01,C,.583,0.1,.589,.772,6.1,2.1,0.5,1.3,1.3,7.1
Semi Ojeleye\ojelese01,PF,.346,0.5,.452,.610,2.2,0.3,0.3,0.1,0.3,2.7
Emeka Okafor\okafoem01,C,.505,0.0,.505,.818,4.6,0.3,0.3,1.0,0.5,4.4
Jahlil Okafor\okafoja01,C,.558,0.0,.562,.724,3.0,0.4,0.1,0.6,0.8,6.3
Victor Oladipo\oladivi01,SG,.477,2.1,.537,.799,5.2,4.3,2.4,0.8,2.9,23.1
Kelly Olynyk\olynyke01,PF,.497,1.4,.580,.770,5.7,2.7,0.8,0.5,1.9,11.5
Chinanu Onuaku\onuakch01,C,.400,0.0,.400,,4.0,1.0,0.0,0.0,3.0,4.0
Cedi Osman\osmande01,SF,.484,0.5,.570,.565,2.0,0.7,0.4,0.0,0.5,3.9
Kelly Oubre Jr.\oubreke01,SF,.403,1.6,.482,.820,4.5,1.2,1.0,0.4,1.1,11.8
Zaza Pachulia\pachuza01,C,.564,0.0,.564,.806,4.7,1.6,0.6,0.2,1.0,5.4
Marcus Paige\paigema01,PG,.286,0.4,.357,1.000,0.8,0.6,0.0,0.0,0.0,2.4
Georgios Papagiannis\papagge01,C,.429,0.0,.429,,2.2,0.5,0.2,0.4,0.5,2.1
Jabari Parker\parkeja01,PF,.482,1.0,.529,.741,4.9,1.9,0.8,0.3,1.5,12.6
Tony Parker\parketo01,PG,.459,0.2,.472,.705,1.7,3.5,0.5,0.0,1.2,7.7
Chandler Parsons\parsoch01,SF,.462,1.4,.571,.630,2.5,1.9,0.5,0.3,1.0,7.9
Patrick Patterson\pattepa01,PF,.398,0.8,.523,.870,2.4,0.7,0.6,0.3,0.4,3.9
Justin Patton\pattoju01,C,.500,0.0,.500,,0.0,0.0,1.0,0.0,0.0,2.0
Brandon Paul\paulbr01,SG,.433,0.2,.492,.512,1.1,0.6,0.4,0.1,0.5,2.3
Chris Paul\paulch01,PG,.460,2.5,.550,.919,5.4,7.9,1.7,0.2,2.2,18.6
Adreian Payne\paynead01,PF,.700,0.4,.800,.833,1.8,0.0,0.4,0.0,0.4,4.2
Cameron Payne\payneca01,PG,.405,1.4,.486,.750,2.8,4.5,1.0,0.4,1.4,8.8
Elfrid Payton\paytoel01,PG,.493,0.5,.516,.649,4.3,6.2,1.3,0.3,2.7,12.7
Gary Payton II\paytoga02,PG,.405,0.3,.446,.333,1.9,0.9,0.3,0.1,0.3,3.0
Kendrick Perkins\perkike01,C,.500,0.0,.500,.500,1.0,2.0,1.0,0.0,1.0,3.0
London Perrantes\perralo01,PG,.154,0.0,.154,.600,0.3,0.4,0.1,0.1,0.1,0.5
Alec Peters\peteral01,PF,.378,0.9,.500,.800,1.9,0.6,0.1,0.1,0.2,4.1
Marshall Plumlee\plumlma02,C,.333,0.0,.333,.750,2.1,0.3,0.0,0.1,0.4,1.8
Mason Plumlee\plumlma01,C,.601,0.0,.601,.458,5.4,1.9,0.7,1.1,1.4,7.1
Miles Plumlee\plumlmi01,C,.583,0.0,.583,.450,4.1,0.8,0.3,0.5,1.1,4.3
Jakob Poeltl\poeltja01,C,.659,0.0,.660,.594,4.8,0.7,0.5,1.2,1.0,6.9
Quincy Pondexter\pondequ01,SF,.286,0.1,.316,.824,1.2,0.4,0.3,0.1,0.5,2.0
Otto Porter\porteot01,SF,.503,1.8,.581,.828,6.4,2.0,1.5,0.5,1.0,14.7
Bobby Portis\portibo01,PF,.471,1.1,.520,.769,6.8,1.7,0.7,0.3,1.4,13.2
Kristaps Porziņģis\porzikr01,PF,.439,1.9,.489,.793,6.6,1.2,0.8,2.4,1.9,22.7
Dwight Powell\poweldw01,C,.593,0.4,.626,.719,5.6,1.2,0.8,0.4,0.7,8.5
Norman Powell\powelno01,SG,.401,0.8,.472,.821,1.7,1.3,0.5,0.2,0.9,5.5
Alex Poythress\poythal01,PF,.423,0.2,.500,,0.7,0.1,0.1,0.0,0.1,1.0
Taurean Prince\princta02,SF,.426,2.1,.516,.844,4.7,2.6,1.0,0.5,2.3,14.1
Jacob Pullen\pulleja01,PG,.500,0.0,.500,,0.0,0.0,0.0,0.0,0.3,0.7
Rodney Purvis\purviro01,SG,.327,0.8,.388,.867,1.7,1.1,0.2,0.2,0.6,6.0
Zhou Qi\qizh01,C,.188,0.1,.219,.667,1.2,0.1,0.1,0.8,0.6,1.2
Tim Quarterman\quartti01,SG,.333,0.0,.333,1.000,1.0,0.3,0.0,0.0,0.7,1.3
Ivan Rabb\rabbiv01,PF,.566,0.0,.566,.806,4.4,0.9,0.3,0.4,1.0,5.6
Julius Randle\randlju01,C,.558,0.1,.563,.718,8.0,2.6,0.5,0.5,2.6,16.1
Zach Randolph\randoza01,PF,.473,0.9,.507,.785,6.7,2.2,0.7,0.2,2.0,14.5
Xavier Rathan-Mayes\rathaxa01,SG,.286,0.2,.298,.444,1.0,3.6,1.2,0.6,2.2,5.8
J.J. Redick\redicjj01,SG,.460,2.8,.569,.904,2.5,3.0,0.5,0.1,1.5,17.1
Davon Reed\reedda01,SG,.289,0.5,.362,.667,1.9,0.6,0.5,0.1,0.5,3.0
Willie Reed\reedwi02,C,.669,0.0,.674,.582,2.9,0.2,0.2,0.5,0.5,4.6
Josh Richardson\richajo01,SF,.451,1.6,.523,.845,3.5,2.9,1.5,0.9,1.7,12.9
Malachi Richardson\richama01,SG,.333,0.5,.400,.773,1.3,0.5,0.4,0.0,0.4,3.4
Austin Rivers\riverau01,SG,.424,2.2,.508,.642,2.4,4.0,1.2,0.3,1.8,15.1
Andre Roberson\roberan03,SG,.537,0.2,.562,.316,4.7,1.2,1.2,0.9,0.8,5.0
Devin Robinson\robinde01,SF,.333,0.0,.333,,5.0,0.0,1.0,0.0,0.0,2.0
Glenn Robinson III\robingl02,SF,.424,0.6,.506,.818,1.6,0.7,0.6,0.0,0.2,4.1
Rajon Rondo\rondora01,PG,.468,0.8,.518,.543,4.0,8.2,1.1,0.2,2.3,8.3
Derrick Rose\rosede01,PG,.435,0.3,.454,.870,1.4,1.5,0.3,0.2,1.4,8.4
Terrence Ross\rosste01,SG,.398,1.3,.476,.750,3.0,1.6,1.1,0.5,1.2,8.7
Terry Rozier\roziete01,PG,.395,1.9,.491,.772,4.7,2.9,1.0,0.2,1.0,11.3
Ricky Rubio\rubiori01,PG,.418,1.2,.476,.866,4.6,5.3,1.6,0.1,2.7,13.1
D'Angelo Russell\russeda01,PG,.414,1.9,.481,.740,3.9,5.2,0.8,0.4,3.1,15.5
Domantas Sabonis\sabondo01,C,.514,0.2,.524,.750,7.7,2.0,0.5,0.4,1.9,11.6
JaKarr Sampson\sampsja02,SF,.543,0.2,.574,.625,3.5,0.4,0.4,1.0,0.4,4.7
Dario Šarić\saricda01,PF,.453,2.0,.541,.860,6.7,2.6,0.7,0.3,1.9,14.6
Tomáš Satoranský\satorto01,SG,.523,0.6,.585,.781,3.2,3.9,0.7,0.2,1.1,7.2
Dennis Schröder\schrode01,PG,.436,1.1,.469,.849,3.1,6.2,1.1,0.1,2.7,19.4
Mike Scott\scottmi01,PF,.527,0.9,.590,.658,3.3,1.1,0.3,0.1,1.0,8.8
Thabo Sefolosha\sefolth01,SF,.492,0.8,.558,.815,4.2,0.9,1.4,0.3,0.8,8.2
Wayne Selden\seldewa01,SG,.431,1.4,.522,.746,1.6,1.9,0.5,0.1,1.5,9.3
Ramon Sessions\sessira01,PG,.359,0.3,.393,.772,1.4,2.8,0.5,0.1,1.1,4.9
Iman Shumpert\shumpim01,SG,.379,0.5,.440,.733,2.9,1.2,0.6,0.3,1.1,4.4
Pascal Siakam\siakapa01,PF,.508,0.4,.537,.621,4.5,2.0,0.8,0.5,0.8,7.3
Xavier Silas\silasxa01,SG,.000,0.0,.000,,1.0,0.0,0.5,0.0,0.0,0.0
Ben Simmons\simmobe01,PG,.545,0.0,.545,.560,8.1,8.2,1.7,0.9,3.4,15.8
Jonathon Simmons\simmojo02,SG,.465,1.0,.511,.768,3.5,2.5,0.8,0.2,2.1,13.9
Kobi Simmons\simmoko01,PG,.423,0.3,.452,1.000,1.6,2.1,0.6,0.2,1.4,6.1
Kyle Singler\singlky01,SF,.333,0.2,.381,.538,0.8,0.2,0.1,0.0,0.3,1.9
Marcus Smart\smartma01,SG,.367,1.4,.440,.729,3.5,4.8,1.3,0.4,2.4,10.2
Dennis Smith Jr.\smithde03,PG,.395,1.5,.446,.694,3.8,5.2,1.0,0.3,2.8,15.2
Ish Smith\smithis01,PG,.486,0.4,.507,.698,2.7,4.4,0.8,0.2,1.3,10.9
J.R. Smith\smithjr01,SG,.403,1.8,.524,.696,2.9,1.8,0.9,0.1,1.0,8.3
Jason Smith\smithja02,C,.391,0.1,.409,.905,1.6,0.4,0.1,0.4,0.5,3.4
Josh Smith\smithjo03,PF,.250,0.0,.250,,1.3,0.0,0.0,0.0,0.0,0.7
Tony Snell\snellto01,SG,.435,1.4,.562,.792,1.9,1.3,0.6,0.4,0.5,6.9
Marreese Speights\speigma01,C,.395,1.7,.519,.727,2.6,0.8,0.2,0.4,0.8,7.7
Nik Stauskas\stausni01,SG,.390,1.0,.519,.724,1.6,1.0,0.2,0.1,0.6,4.4
Lance Stephenson\stephla01,SG,.427,0.8,.475,.661,5.2,2.9,0.6,0.2,1.6,9.2
David Stockton\stockda01,PG,.667,0.7,1.000,1.000,0.0,0.0,0.0,0.0,0.3,3.3
Julyan Stone\stoneju01,SG,.462,0.3,.692,.500,1.3,1.1,0.2,0.1,0.3,0.8
Edmond Sumner\sumneed01,PG,1.000,0.0,1.000,,1.0,0.0,0.0,0.0,0.0,2.0
Caleb Swanigan\swanica01,PF,.400,0.0,.408,.667,2.0,0.5,0.2,0.1,0.7,2.3
Jayson Tatum\tatumja01,SF,.475,1.3,.538,.826,5.0,1.6,1.0,0.7,1.4,13.9
Isaiah Taylor\taylois01,PG,.418,0.3,.444,.702,1.4,3.1,0.5,0.1,1.3,6.6
Jeff Teague\teaguje01,PG,.446,1.2,.499,.845,3.0,7.0,1.5,0.3,2.5,14.2
Marquis Teague\teaguma01,PG,.250,0.3,.281,.400,2.0,4.3,1.3,0.0,1.0,3.7
Mirza Teletović\teletmi01,PF,.439,2.1,.623,,2.3,1.0,0.4,0.1,0.7,7.1
Garrett Temple\templga01,SG,.418,1.4,.512,.769,2.3,1.9,0.9,0.4,1.2,8.4
Miloš Teodosić\teodomi01,PG,.419,2.0,.542,.848,2.8,4.6,0.5,0.1,2.2,9.5
Jason Terry\terryja01,SG,.383,0.8,.513,.889,0.9,1.2,0.8,0.3,0.5,3.3
Daniel Theis\theisda01,C,.541,0.3,.579,.753,4.3,0.9,0.5,0.8,0.9,5.3
Isaiah Thomas\thomais02,PG,.373,1.7,.438,.893,2.1,4.8,0.5,0.1,3.0,15.2
Lance Thomas\thomala01,PF,.382,0.7,.476,.830,2.4,0.6,0.4,0.2,0.5,4.1
Klay Thompson\thompkl01,SG,.488,3.1,.585,.837,3.8,2.5,0.8,0.5,1.8,20.0
Tristan Thompson\thomptr01,C,.562,0.0,.562,.544,6.6,0.6,0.3,0.3,0.7,5.8
Sindarius Thornwell\thornsi01,SG,.429,0.3,.479,.670,1.9,0.9,0.7,0.3,0.7,3.9
Anthony Tolliver\tollian01,PF,.464,2.0,.632,.797,3.1,1.1,0.4,0.3,0.7,8.9
Karl-Anthony Towns\townska01,C,.545,1.5,.596,.858,12.3,2.4,0.8,1.4,1.9,21.3
P.J. Tucker\tuckepj01,PF,.390,1.4,.520,.717,5.6,0.9,1.0,0.3,0.9,6.1
Evan Turner\turneev01,SF,.447,0.5,.484,.850,3.1,2.2,0.6,0.4,1.3,8.2
Myles Turner\turnemy01,C,.479,0.9,.523,.777,6.4,1.3,0.6,1.8,1.5,12.7
Ekpe Udoh\udohek01,C,.500,0.0,.500,.750,2.4,0.8,0.7,1.2,0.3,2.6
Tyler Ulis\ulisty01,PG,.388,0.6,.426,.832,1.8,4.4,1.0,0.1,1.8,7.8
Jonas Valančiūnas\valanjo01,C,.568,0.4,.590,.806,8.6,1.1,0.4,0.9,1.5,12.7
Denzel Valentine\valende01,SG,.417,1.9,.517,.745,5.1,3.2,0.8,0.1,1.3,10.2
Fred VanVleet\vanvlfr01,PG,.426,1.4,.525,.832,2.4,3.2,0.9,0.3,1.0,8.6
Rashad Vaughn\vaughra01,SG,.411,0.5,.536,.667,0.8,0.5,0.2,0.1,0.2,2.3
Noah Vonleh\vonleno01,PF,.444,0.4,.487,.621,5.8,0.6,0.4,0.3,0.6,4.9
Nikola Vučević\vucevni01,C,.475,1.1,.513,.819,9.2,3.4,1.0,1.1,1.9,16.5
Dwyane Wade\wadedw01,SG,.438,0.5,.462,.714,3.8,3.4,0.9,0.7,2.1,11.4
Dion Waiters\waitedi01,SG,.398,1.7,.461,.739,2.6,3.8,0.8,0.3,2.3,14.3
Kemba Walker\walkeke02,PG,.431,2.9,.516,.864,3.1,5.6,1.1,0.3,2.2,22.1
John Wall\walljo01,PG,.420,1.5,.466,.726,3.7,9.6,1.4,1.1,3.9,19.4
Tyrone Wallace\wallaty01,PG,.445,0.3,.466,.782,3.5,2.4,0.9,0.4,1.5,9.7
Derrick Walton\waltode01,PG,.320,0.4,.460,1.000,1.0,1.0,0.4,0.2,0.1,1.8
Jameel Warney\warneja01,PF,.583,0.0,.583,.600,3.0,0.0,0.0,0.0,0.3,5.7
T.J. Warren\warretj01,SF,.498,0.3,.507,.757,5.1,1.3,1.0,0.6,1.3,19.6
Travis Wear\weartr01,SF,.347,1.0,.465,1.000,2.2,0.4,0.2,0.3,0.4,4.4
James Webb III\webbja01,SF,.250,0.4,.333,,2.4,0.4,0.1,0.0,0.4,1.6
Briante Weber\weberbr01,PG,.442,0.2,.488,.800,1.9,1.2,1.0,0.3,0.8,2.8
David West\westda01,C,.571,0.0,.575,.759,3.3,1.9,0.6,1.0,1.1,6.8
Russell Westbrook\westbru01,PG,.449,1.2,.477,.737,10.1,10.3,1.8,0.3,4.8,25.4
Andrew White\whitean01,SF,.342,1.2,.466,.250,2.3,0.4,0.2,0.1,0.5,4.6
Derrick White\whitede01,PG,.485,0.5,.606,.700,1.5,0.5,0.2,0.2,0.4,3.2
Okaro White\whiteok01,PF,.438,0.7,.563,.667,1.8,0.3,0.2,0.2,0.2,3.3
Isaiah Whitehead\whiteis01,PG,.465,0.4,.506,.684,1.6,1.3,0.5,0.1,1.5,6.3
Hassan Whiteside\whiteha01,C,.540,0.0,.542,.703,11.4,1.0,0.7,1.7,1.7,14.0
Andrew Wiggins\wiggian01,SF,.438,1.4,.481,.643,4.4,2.0,1.1,0.6,1.7,17.7
Jacob Wiley\wileyja01,PF,.250,0.2,.375,.500,2.2,0.4,0.2,0.0,0.0,0.8
Damien Wilkins\wilkida02,SF,.333,0.2,.385,.750,0.8,0.5,0.1,0.1,0.3,1.7
Alan Williams\willial03,PF,.389,0.0,.389,.667,4.4,1.6,1.0,0.2,1.4,4.0
C.J. Williams\willicj01,SG,.442,0.6,.497,.813,1.5,1.1,0.8,0.3,0.5,5.5
Derrick Williams\willide02,PF,.250,0.0,.250,,0.5,0.0,0.0,0.0,0.0,1.0
Lou Williams\willilo02,SG,.435,2.4,.505,.880,2.5,5.3,1.1,0.2,3.0,22.6
Marvin Williams\willima02,PF,.458,1.6,.570,.829,4.7,1.2,0.7,0.5,0.8,9.5
Matt Williams\willima05,SG,.333,0.3,.417,,0.3,0.0,0.0,0.0,0.3,1.7
Troy Williams\willitr02,SF,.468,0.5,.518,.667,3.0,0.8,1.0,0.2,0.9,6.3
D.J. Wilson\wilsodj01,PF,.563,0.1,.625,.500,0.5,0.1,0.1,0.0,0.2,1.0
Jamil Wilson\wilsoja02,SF,.469,1.8,.636,.500,2.1,0.7,0.3,0.5,0.5,7.0
Justise Winslow\winslju01,PF,.424,0.7,.474,.635,5.4,2.2,0.8,0.5,1.1,7.8
Jeff Withey\witheje01,C,.375,0.2,.438,.500,1.1,0.0,0.0,0.3,0.2,1.7
Nate Wolters\woltena01,PG,.167,0.0,.167,,0.4,0.2,0.0,0.0,0.0,0.4
Brandan Wright\wrighbr03,PF,.578,0.0,.578,.636,3.4,0.5,0.5,0.9,0.3,5.0
Delon Wright\wrighde01,PG,.465,0.8,.530,.829,2.9,2.9,1.0,0.5,1.1,8.0
Guerschon Yabusele\yabusgu01,PF,.426,0.4,.525,.682,1.6,0.5,0.1,0.2,0.4,2.4
James Young\youngja01,SG,.357,0.5,.464,.667,0.3,0.3,0.0,0.0,0.2,2.8
Joe Young\youngjo01,PG,.430,0.5,.497,.759,1.2,0.7,0.3,0.0,0.5,3.9
Nick Young\youngni01,SG,.412,1.5,.538,.862,1.6,0.5,0.5,0.1,0.5,7.3
Thaddeus Young\youngth01,PF,.487,0.7,.521,.598,6.3,1.9,1.7,0.4,1.3,11.8
Cody Zeller\zelleco01,C,.545,0.1,.551,.718,5.4,0.9,0.4,0.6,1.0,7.1
Tyler Zeller\zellety01,C,.560,0.2,.575,.722,4.6,0.7,0.2,0.5,0.7,6.7
Paul Zipser\zipsepa01,SF,.346,0.7,.425,.760,2.4,0.9,0.4,0.3,0.8,4.0
Ante Žižić\zizican01,C,.731,0.0,.731,.724,1.9,0.2,0.1,0.4,0.3,3.7
Ivica Zubac\zubaciv01,C,.500,0.0,.500,.765,2.9,0.6,0.2,0.3,0.6,3.7